,pick,position,player,team,league_number
0,1,C,Nikola Jokic,DEN,0
1,2,C,Joel Embiid,PHI,0
2,3,G,Luka Doncic,DAL,0
3,4,G,Tyrese Haliburton,IND,0
4,5,G,Shai Gilgeous-Alexander,OKC,0
5,6,F,Giannis Antetokounmpo,MIL,0
6,7,F,Jayson Tatum,BOS,0
7,8,F,Anthony Davis,LAL,0
8,9,G,Damian Lillard,MIL,0
9,10,G,LaMelo Ball,CHA,0
10,11,G,Anthony Edwards,MIN,0
11,12,G,Stephen Curry,GS,0
12,13,F,Kevin Durant,PHO,0
13,14,G,Donovan Mitchell,CLE,0
14,15,C,Domantas Sabonis,SAC,0
15,16,G,Trae Young,ATL,0
16,17,G,Kyrie Irving,DAL,0
17,18,G,Devin Booker,PHO,0
18,19,F,LeBron James,LAL,0
19,20,F,Jimmy Butler,MIA,0
20,21,G,James Harden,PHI,0
21,22,F,Kawhi Leonard,LAC,0
22,23,F,Pascal Siakam,TOR,0
23,24,F,Mikal Bridges,BKN,0
24,25,G,De'Aaron Fox,SAC,0
25,26,C,Karl-Anthony Towns,MIN,0
26,27,G,Jalen Brunson,NY,0
27,28,C,Bam Adebayo,MIA,0
28,29,F,Lauri Markkanen,UTA,0
29,30,G,Darius Garland,CLE,0
30,31,G,Cade Cunningham,DET,0
31,32,G,Dejounte Murray,ATL,0
32,33,C,Jaren Jackson,MEM,0
33,34,G,Desmond Bane,MEM,0
34,35,F,Zion Williamson,NO,0
35,36,G,Fred VanVleet,HOU,0
36,37,F,Paul George,LAC,0
37,38,F,Victor Wembanyama,SA,0
38,39,C,Evan Mobley,CLE,0
39,40,F,Julius Randle,NY,0
40,41,G,Jamal Murray,DEN,0
41,42,G,Zach LaVine,CHI,0
42,43,G,Jordan Poole,WAS,0
43,44,F,Jaylen Brown,BOS,0
44,45,F,Kristaps Porzingis,BOS,0
45,46,C,Nicolas Claxton,BKN,0
46,47,F,Brandon Ingram,NO,0
47,48,G,DeMar DeRozan,CHI,0
48,49,C,Nikola Vucevic,CHI,0
49,50,C,Alperen Sengun,HOU,0
50,51,G,Tyrese Maxey,PHI,0
51,52,G,Jrue Holiday,BOS,0
52,53,C,Walker Kessler,UTA,0
53,54,F,Scottie Barnes,TOR,0
54,55,G,Bradley Beal,PHO,0
55,56,C,Myles Turner,IND,0
56,57,G,Ja Morant,MEM,0
57,58,C,Deandre Ayton,POR,0
58,59,F,Kyle Kuzma,WAS,0
59,60,G,Josh Giddey,OKC,0
60,61,F,Paolo Banchero,ORL,0
61,62,G,Tyler Herro,MIA,0
62,63,F,Franz Wagner,ORL,0
63,64,F,Chet Holmgren,OKC,0
64,65,C,Jarrett Allen,CLE,0
65,66,G,Anfernee Simons,POR,0
66,67,F,Jerami Grant,POR,0
67,68,G,Terry Rozier,CHA,0
68,69,C,Rudy Gobert,MIN,0
69,70,G,Devin Vassell,SA,0
70,71,F,John Collins,UTA,0
71,72,G,CJ McCollum,NO,0
72,73,C,Jakob Poeltl,TOR,0
73,74,F,OG Anunoby,TOR,0
74,75,G,Jalen Williams,OKC,0
75,76,F,Cameron Johnson,BKN,0
76,77,C,Wendell Carter,ORL,0
77,78,F,Miles Bridges,CHA,0
78,79,G,Klay Thompson,GS,0
79,80,G,Spencer Dinwiddie,BKN,0
80,81,G,Chris Paul,GS,0
81,82,G,Tyus Jones,WAS,0
82,83,G,Ben Simmons,BKN,0
83,84,G,Scoot Henderson,POR,0
84,85,G,Jalen Green,HOU,0
85,86,F,Andrew Wiggins,GS,0
86,87,F,Khris Middleton,MIL,0
87,88,G,Markelle Fultz,ORL,0
88,89,F,Jabari Smith,HOU,0
89,90,F,Daniel Gafford,WAS,0
90,91,F,Draymond Green,GS,0
91,92,C,Mark Williams,CHA,0
92,93,G,Russell Westbrook,LAC,0
93,94,G,Austin Reaves,LAL,0
94,95,C,Brook Lopez,MIL,0
95,96,F,Tobias Harris,PHI,0
96,97,C,Jalen Duren,DET,0
97,98,G,D'Angelo Russell,LAL,0
98,99,G,Tre Jones,SA,0
99,100,F,Michael Porter,DEN,0
100,101,C,Clint Capela,ATL,0
101,102,F,Aaron Gordon,DEN,0
102,103,C,Onyeka Okongwu,ATL,0
103,104,G,Josh Hart,NY,0
104,105,F,Zach Collins,SA,0
105,106,G,Marcus Smart,MEM,0
106,107,C,Robert Williams,POR,0
107,108,G,Derrick White,BOS,0
108,109,C,Jonas Valanciunas,NO,0
109,110,G,Bruce Brown,IND,0
110,111,C,Jusuf Nurkic,PHO,0
111,112,F,Keegan Murray,SAC,0
112,113,F,Trey Murphy,NO,0
113,114,F,Keldon Johnson,SA,0
114,115,G,Mike Conley,MIN,0
115,116,G,Jaden Ivey,DET,0
116,117,G,Buddy Hield,IND,0
117,118,F,Ausar Thompson,DET,0
118,119,G,Shaedon Sharpe,POR,0
119,120,G,Bennedict Mathurin,IND,0
120,121,F,Jeremy Sochan,SA,0
121,122,G,Immanuel Quickley,NY,0
122,123,C,Mitchell Robinson,NY,0
123,124,G,Dennis Schroder,TOR,0
124,125,G,RJ Barrett,NY,0
125,126,F,Bojan Bogdanovic,DET,0
126,127,F,Saddiq Bey,ATL,0
127,128,G,Kevin Huerter,SAC,0
128,129,C,Steven Adams,MEM,0
129,130,G,Jordan Clarkson,UTA,0
130,131,G,Malcolm Brogdon,POR,0
131,132,C,Ivica Zubac,LAC,0
132,133,F,P.J. Washington,CHA,0
133,134,G,Gary Trent,TOR,0
134,135,G,Coby White,CHI,0
135,136,F,Obi Toppin,IND,0
136,137,F,Kevon Looney,GS,0
137,138,G,Collin Sexton,UTA,0
138,139,G,Caris LeVert,CLE,0
139,140,F,Paul Reed,PHI,0
140,141,F,Bobby Portis,MIL,0
141,142,F,Deni Avdija,WAS,0
142,143,F,Brandon Miller,CHA,0
143,144,G,Cole Anthony,ORL,0
144,145,C,Naz Reid,MIN,0
145,146,F,Christian Wood,LAL,0
146,147,G,Shake Milton,MIN,0
147,148,G,Dillon Brooks,HOU,0
148,149,F,Tari Eason,HOU,0
149,150,G,Jevon Carter,CHI,0
150,151,G,Bogdan Bogdanovic,ATL,0
151,152,F,Jonathan Kuminga,GS,0
152,153,G,Quentin Grimes,NY,0
153,154,G,Josh Richardson,MIA,0
154,155,F,Gordon Hayward,CHA,0
155,156,F,Amen Thompson,HOU,0
156,157,F,Kyle Anderson,MIN,0
157,158,F,Jaden McDaniels,MIN,0
158,159,C,Dereck Lively,DAL,0
159,160,C,Al Horford,BOS,0
160,161,G,Kentavious Caldwell-Pope,DEN,0
161,162,G,Jaden Hardy,DAL,0
162,163,G,Payton Pritchard,BOS,0
163,164,G,De'Anthony Melton,PHI,0
164,165,C,Isaiah Stewart,DET,0
165,166,F,De'Andre Hunter,ATL,0
166,167,F,Jarace Walker,IND,0
167,168,F,Patrick Williams,CHI,0
168,169,F,Kenyon Martin,LAC,0
169,170,G,Delon Wright,WAS,0
170,171,G,Malik Monk,SAC,0
171,172,G,Talen Horton-Tucker,UTA,0
172,173,F,Jarred Vanderbilt,LAL,0
173,174,F,Aleksandar Vezenkov,SAC,0
174,175,G,Norman Powell,LAC,0
175,176,G,Andrew Nembhard,IND,0
176,177,F,Jalen Johnson,ATL,0
177,178,F,Herbert Jones,NO,0
178,179,G,Kyle Lowry,MIA,0
179,180,C,Kelly Olynyk,UTA,0
180,181,F,Isaiah Jackson,IND,0
181,182,G,Jalen Suggs,ORL,0
182,183,F,Max Strus,CLE,0
183,184,G,Keyonte George,UTA,0
184,185,F,Grant Williams,DAL,0
185,186,G,Christian Braun,DEN,0
186,187,G,Dennis Smith,BKN,0
187,188,G,Luguentz Dort,OKC,0
188,189,G,Anthony Black,ORL,0
189,190,G,Kris Dunn,UTA,0
190,191,F,Marvin Bagley,DET,0
191,192,F,Harrison Barnes,SAC,0
192,193,F,Chris Boucher,TOR,0
193,194,F,Corey Kispert,WAS,0
194,195,C,Isaiah Hartenstein,NY,0
195,196,G,Cameron Thomas,BKN,0
196,197,C,Mason Plumlee,LAC,0
197,198,F,MarJon Beauchamp,MIL,0
198,199,F,Caleb Martin,MIA,0
199,200,C,James Wiseman,DET,0
200,201,G,Vasilije Micic,OKC,0
201,202,F,Taylor Hendricks,UTA,0
202,203,F,Rui Hachimura,LAL,0
203,204,G,Alex Caruso,CHI,0
204,205,F,Xavier Tillman,MEM,0
205,206,C,Andre Drummond,CHI,0
206,207,C,Drew Eubanks,PHO,0
207,208,G,Grayson Allen,PHO,0
208,209,G,Donte DiVincenzo,NY,0
209,210,G,Terance Mann,LAC,0
210,211,F,Kelly Oubre Jr.,PHI,0
211,212,F,Jonathan Isaac,ORL,0
212,213,G,Malik Beasley,MIL,0
213,214,G,Gabe Vincent,LAL,0
214,215,F,Danilo Gallinari,WAS,0
215,216,G,Bones Hyland,LAC,0
0,1,C,Nikola Jokic,DEN,1
1,2,C,Joel Embiid,PHI,1
2,3,G,Luka Doncic,DAL,1
3,4,F,Giannis Antetokounmpo,MIL,1
4,5,G,Shai Gilgeous-Alexander,OKC,1
5,6,G,Tyrese Haliburton,IND,1
6,7,F,Jayson Tatum,BOS,1
7,8,F,Anthony Davis,LAL,1
8,9,G,LaMelo Ball,CHA,1
9,10,G,Anthony Edwards,MIN,1
10,11,G,Damian Lillard,MIL,1
11,12,G,Stephen Curry,GS,1
12,13,F,Kevin Durant,PHO,1
13,14,C,Domantas Sabonis,SAC,1
14,15,G,Kyrie Irving,DAL,1
15,16,G,Trae Young,ATL,1
16,17,G,Devin Booker,PHO,1
17,18,G,Donovan Mitchell,CLE,1
18,19,G,James Harden,PHI,1
19,20,F,Mikal Bridges,BKN,1
20,21,F,LeBron James,LAL,1
21,22,F,Pascal Siakam,TOR,1
22,23,F,Kawhi Leonard,LAC,1
23,24,F,Julius Randle,NY,1
24,25,G,Jamal Murray,DEN,1
25,26,F,Jimmy Butler,MIA,1
26,27,C,Karl-Anthony Towns,MIN,1
27,28,F,Lauri Markkanen,UTA,1
28,29,F,Paul George,LAC,1
29,30,C,Bam Adebayo,MIA,1
30,31,C,Jaren Jackson,MEM,1
31,32,G,Fred VanVleet,HOU,1
32,33,G,De'Aaron Fox,SAC,1
33,34,G,Cade Cunningham,DET,1
34,35,F,Zion Williamson,NO,1
35,36,G,Jalen Brunson,NY,1
36,37,F,Jaylen Brown,BOS,1
37,38,G,Dejounte Murray,ATL,1
38,39,C,Evan Mobley,CLE,1
39,40,G,Zach LaVine,CHI,1
40,41,F,Victor Wembanyama,SA,1
41,42,G,Desmond Bane,MEM,1
42,43,F,Kristaps Porzingis,BOS,1
43,44,C,Nicolas Claxton,BKN,1
44,45,G,Darius Garland,CLE,1
45,46,G,DeMar DeRozan,CHI,1
46,47,C,Myles Turner,IND,1
47,48,C,Walker Kessler,UTA,1
48,49,F,Scottie Barnes,TOR,1
49,50,G,Tyrese Maxey,PHI,1
50,51,G,Jordan Poole,WAS,1
51,52,F,Chet Holmgren,OKC,1
52,53,C,Alperen Sengun,HOU,1
53,54,F,Brandon Ingram,NO,1
54,55,C,Deandre Ayton,POR,1
55,56,G,Jrue Holiday,BOS,1
56,57,F,Paolo Banchero,ORL,1
57,58,C,Nikola Vucevic,CHI,1
58,59,G,Bradley Beal,PHO,1
59,60,F,Kyle Kuzma,WAS,1
60,61,G,Josh Giddey,OKC,1
61,62,G,Ja Morant,MEM,1
62,63,G,Anfernee Simons,POR,1
63,64,G,Tyler Herro,MIA,1
64,65,F,OG Anunoby,TOR,1
65,66,G,Devin Vassell,SA,1
66,67,G,Jalen Williams,OKC,1
67,68,F,Franz Wagner,ORL,1
68,69,C,Brook Lopez,MIL,1
69,70,C,Rudy Gobert,MIN,1
70,71,F,John Collins,UTA,1
71,72,G,Terry Rozier,CHA,1
72,73,F,Jerami Grant,POR,1
73,74,C,Jarrett Allen,CLE,1
74,75,F,Khris Middleton,MIL,1
75,76,F,Cameron Johnson,BKN,1
76,77,G,Jalen Green,HOU,1
77,78,G,Scoot Henderson,POR,1
78,79,C,Jakob Poeltl,TOR,1
79,80,G,Chris Paul,GS,1
80,81,G,Markelle Fultz,ORL,1
81,82,G,CJ McCollum,NO,1
82,83,F,Miles Bridges,CHA,1
83,84,C,Mark Williams,CHA,1
84,85,G,Klay Thompson,GS,1
85,86,G,Tyus Jones,WAS,1
86,87,F,Jabari Smith,HOU,1
87,88,G,Tre Jones,SA,1
88,89,C,Onyeka Okongwu,ATL,1
89,90,G,Ben Simmons,BKN,1
90,91,C,Jalen Duren,DET,1
91,92,G,Austin Reaves,LAL,1
92,93,G,Marcus Smart,MEM,1
93,94,G,Spencer Dinwiddie,BKN,1
94,95,F,Daniel Gafford,WAS,1
95,96,F,Tobias Harris,PHI,1
96,97,C,Clint Capela,ATL,1
97,98,G,D'Angelo Russell,LAL,1
98,99,G,Derrick White,BOS,1
99,100,F,Trey Murphy,NO,1
100,101,F,Keegan Murray,SAC,1
101,102,C,Wendell Carter,ORL,1
102,103,F,Andrew Wiggins,GS,1
103,104,C,Mitchell Robinson,NY,1
104,105,F,Aaron Gordon,DEN,1
105,106,F,Michael Porter,DEN,1
106,107,F,Zach Collins,SA,1
107,108,G,Russell Westbrook,LAC,1
108,109,C,Jusuf Nurkic,PHO,1
109,110,G,Mike Conley,MIN,1
110,111,C,Steven Adams,MEM,1
111,112,G,Bruce Brown,IND,1
112,113,F,Paul Reed,PHI,1
113,114,F,Draymond Green,GS,1
114,115,G,Shaedon Sharpe,POR,1
115,116,C,Robert Williams,POR,1
116,117,G,Buddy Hield,IND,1
117,118,C,Jonas Valanciunas,NO,1
118,119,G,Josh Hart,NY,1
119,120,F,Ausar Thompson,DET,1
120,121,F,Amen Thompson,HOU,1
121,122,G,Jordan Clarkson,UTA,1
122,123,G,Immanuel Quickley,NY,1
123,124,G,Jaden Ivey,DET,1
124,125,F,Keldon Johnson,SA,1
125,126,F,Tari Eason,HOU,1
126,127,G,Bennedict Mathurin,IND,1
127,128,G,Coby White,CHI,1
128,129,F,P.J. Washington,CHA,1
129,130,G,Malcolm Brogdon,POR,1
130,131,F,Bojan Bogdanovic,DET,1
131,132,G,RJ Barrett,NY,1
132,133,F,Gordon Hayward,CHA,1
133,134,F,Obi Toppin,IND,1
134,135,G,Gary Trent,TOR,1
135,136,C,Dereck Lively,DAL,1
136,137,G,Collin Sexton,UTA,1
137,138,F,Patrick Williams,CHI,1
138,139,C,Ivica Zubac,LAC,1
139,140,G,Dennis Schroder,TOR,1
140,141,F,Brandon Miller,CHA,1
141,142,F,Jaden McDaniels,MIN,1
142,143,G,De'Anthony Melton,PHI,1
143,144,G,Kevin Huerter,SAC,1
144,145,F,Herbert Jones,NO,1
145,146,F,Jeremy Sochan,SA,1
146,147,F,Bobby Portis,MIL,1
147,148,F,Christian Wood,LAL,1
148,149,G,Keyonte George,UTA,1
149,150,F,Kevon Looney,GS,1
150,151,F,Bilal Coulibaly,WAS,1
151,152,G,Jaden Hardy,DAL,1
152,153,F,De'Andre Hunter,ATL,1
153,154,F,Saddiq Bey,ATL,1
154,155,G,Cameron Thomas,BKN,1
155,156,G,Cole Anthony,ORL,1
156,157,G,Caris LeVert,CLE,1
157,158,G,Talen Horton-Tucker,UTA,1
158,159,F,Harrison Barnes,SAC,1
159,160,F,Jonathan Kuminga,GS,1
160,161,G,Quentin Grimes,NY,1
161,162,F,Jalen Johnson,ATL,1
162,163,F,Kyle Anderson,MIN,1
163,164,F,Kelly Oubre Jr.,PHI,1
164,165,G,Bogdan Bogdanovic,ATL,1
165,166,F,Deni Avdija,WAS,1
166,167,G,Norman Powell,LAC,1
167,168,C,Naz Reid,MIN,1
168,169,G,Donte DiVincenzo,NY,1
169,170,G,Josh Richardson,MIA,1
170,171,C,Kelly Olynyk,UTA,1
171,172,G,Jalen Suggs,ORL,1
172,173,F,MarJon Beauchamp,MIL,1
173,174,G,Dillon Brooks,HOU,1
174,175,G,Luke Kennard,MEM,1
175,176,F,Jarace Walker,IND,1
176,177,C,Isaiah Stewart,DET,1
177,178,G,Alec Burks,DET,1
178,179,F,Robert Covington,LAC,1
179,180,C,Al Horford,BOS,1
180,181,F,Rui Hachimura,LAL,1
181,182,C,Charles Bassey,SA,1
182,183,G,Tim Hardaway,DAL,1
183,184,G,Killian Hayes,DET,1
184,185,F,Santi Aldama,MEM,1
185,186,G,Malik Monk,SAC,1
186,187,G,Alex Caruso,CHI,1
187,188,G,Gabe Vincent,LAL,1
188,189,C,James Wiseman,DET,1
189,190,G,Kentavious Caldwell-Pope,DEN,1
190,191,F,Grant Williams,DAL,1
191,192,G,Luguentz Dort,OKC,1
192,193,F,Max Strus,CLE,1
193,194,G,Moses Moody,GS,1
194,195,F,Jarred Vanderbilt,LAL,1
195,196,G,Jevon Carter,CHI,1
196,197,F,Royce O'Neale,BKN,1
197,198,G,Terance Mann,LAC,1
198,199,G,Shake Milton,MIN,1
199,200,F,Marvin Bagley,DET,1
200,201,G,Christian Braun,DEN,1
201,202,G,Bones Hyland,LAC,1
202,203,G,Kyle Lowry,MIA,1
203,204,G,T.J. McConnell,IND,1
204,205,F,Isaiah Jackson,IND,1
205,206,G,Kris Dunn,UTA,1
206,207,G,Andrew Nembhard,IND,1
207,208,F,Caleb Martin,MIA,1
208,209,C,Drew Eubanks,PHO,1
209,210,G,Malik Beasley,MIL,1
210,211,C,Isaiah Hartenstein,NY,1
211,212,G,Malaki Branham,SA,1
212,213,F,Corey Kispert,WAS,1
213,214,G,Matisse Thybulle,POR,1
214,215,F,Xavier Tillman,MEM,1
215,216,C,Nick Richards,CHA,1
0,1,C,Nikola Jokic,DEN,2
1,2,C,Joel Embiid,PHI,2
2,3,G,Luka Doncic,DAL,2
3,4,G,Tyrese Haliburton,IND,2
4,5,G,Shai Gilgeous-Alexander,OKC,2
5,6,F,Giannis Antetokounmpo,MIL,2
6,7,F,Jayson Tatum,BOS,2
7,8,G,Stephen Curry,GS,2
8,9,G,Damian Lillard,MIL,2
9,10,G,LaMelo Ball,CHA,2
10,11,F,Anthony Davis,LAL,2
11,12,G,Anthony Edwards,MIN,2
12,13,G,Devin Booker,PHO,2
13,14,F,Kevin Durant,PHO,2
14,15,G,Kyrie Irving,DAL,2
15,16,C,Domantas Sabonis,SAC,2
16,17,F,Mikal Bridges,BKN,2
17,18,G,Trae Young,ATL,2
18,19,F,LeBron James,LAL,2
19,20,G,Donovan Mitchell,CLE,2
20,21,G,James Harden,PHI,2
21,22,C,Bam Adebayo,MIA,2
22,23,F,Jimmy Butler,MIA,2
23,24,F,Pascal Siakam,TOR,2
24,25,F,Kawhi Leonard,LAC,2
25,26,C,Evan Mobley,CLE,2
26,27,F,Lauri Markkanen,UTA,2
27,28,G,Jalen Brunson,NY,2
28,29,F,Victor Wembanyama,SA,2
29,30,G,De'Aaron Fox,SAC,2
30,31,F,Paul George,LAC,2
31,32,F,Zion Williamson,NO,2
32,33,G,Cade Cunningham,DET,2
33,34,C,Karl-Anthony Towns,MIN,2
34,35,C,Jaren Jackson,MEM,2
35,36,F,Julius Randle,NY,2
36,37,G,Fred VanVleet,HOU,2
37,38,G,Jamal Murray,DEN,2
38,39,G,Desmond Bane,MEM,2
39,40,C,Walker Kessler,UTA,2
40,41,G,Zach LaVine,CHI,2
41,42,G,Darius Garland,CLE,2
42,43,G,Jordan Poole,WAS,2
43,44,F,Paolo Banchero,ORL,2
44,45,G,Ja Morant,MEM,2
45,46,F,Jaylen Brown,BOS,2
46,47,G,Dejounte Murray,ATL,2
47,48,G,DeMar DeRozan,CHI,2
48,49,G,Josh Giddey,OKC,2
49,50,G,Tyrese Maxey,PHI,2
50,51,F,Kristaps Porzingis,BOS,2
51,52,C,Nicolas Claxton,BKN,2
52,53,C,Deandre Ayton,POR,2
53,54,C,Myles Turner,IND,2
54,55,G,Bradley Beal,PHO,2
55,56,F,Scottie Barnes,TOR,2
56,57,F,Franz Wagner,ORL,2
57,58,F,Jerami Grant,POR,2
58,59,F,Brandon Ingram,NO,2
59,60,C,Nikola Vucevic,CHI,2
60,61,F,Kyle Kuzma,WAS,2
61,62,C,Alperen Sengun,HOU,2
62,63,F,Chet Holmgren,OKC,2
63,64,G,Devin Vassell,SA,2
64,65,C,Rudy Gobert,MIN,2
65,66,F,OG Anunoby,TOR,2
66,67,G,Anfernee Simons,POR,2
67,68,G,Scoot Henderson,POR,2
68,69,G,Jrue Holiday,BOS,2
69,70,G,Jalen Williams,OKC,2
70,71,C,Jarrett Allen,CLE,2
71,72,C,Jakob Poeltl,TOR,2
72,73,G,Markelle Fultz,ORL,2
73,74,G,Tyler Herro,MIA,2
74,75,F,Cameron Johnson,BKN,2
75,76,G,Chris Paul,GS,2
76,77,G,CJ McCollum,NO,2
77,78,G,Terry Rozier,CHA,2
78,79,F,John Collins,UTA,2
79,80,F,Khris Middleton,MIL,2
80,81,F,Daniel Gafford,WAS,2
81,82,C,Wendell Carter,ORL,2
82,83,G,Klay Thompson,GS,2
83,84,G,Tyus Jones,WAS,2
84,85,F,Miles Bridges,CHA,2
85,86,C,Clint Capela,ATL,2
86,87,G,Ben Simmons,BKN,2
87,88,G,Austin Reaves,LAL,2
88,89,G,Tre Jones,SA,2
89,90,C,Jalen Duren,DET,2
90,91,F,Andrew Wiggins,GS,2
91,92,C,Mark Williams,CHA,2
92,93,C,Onyeka Okongwu,ATL,2
93,94,G,Jalen Green,HOU,2
94,95,G,Spencer Dinwiddie,BKN,2
95,96,F,Jabari Smith,HOU,2
96,97,F,Zach Collins,SA,2
97,98,G,Russell Westbrook,LAC,2
98,99,G,Marcus Smart,MEM,2
99,100,F,Keegan Murray,SAC,2
100,101,F,Michael Porter,DEN,2
101,102,F,Tobias Harris,PHI,2
102,103,G,Bruce Brown,IND,2
103,104,F,Aaron Gordon,DEN,2
104,105,F,Draymond Green,GS,2
105,106,C,Brook Lopez,MIL,2
106,107,G,D'Angelo Russell,LAL,2
107,108,G,Jaden Ivey,DET,2
108,109,F,Keldon Johnson,SA,2
109,110,C,Jonas Valanciunas,NO,2
110,111,G,Derrick White,BOS,2
111,112,F,Ausar Thompson,DET,2
112,113,C,Steven Adams,MEM,2
113,114,G,Shaedon Sharpe,POR,2
114,115,C,Jusuf Nurkic,PHO,2
115,116,C,Ivica Zubac,LAC,2
116,117,G,Immanuel Quickley,NY,2
117,118,G,Buddy Hield,IND,2
118,119,F,Saddiq Bey,ATL,2
119,120,F,Paul Reed,PHI,2
120,121,C,Mitchell Robinson,NY,2
121,122,G,Mike Conley,MIN,2
122,123,G,Gary Trent,TOR,2
123,124,G,Bennedict Mathurin,IND,2
124,125,F,Obi Toppin,IND,2
125,126,F,Jeremy Sochan,SA,2
126,127,G,RJ Barrett,NY,2
127,128,G,Caris LeVert,CLE,2
128,129,F,Tari Eason,HOU,2
129,130,F,Amen Thompson,HOU,2
130,131,C,Robert Williams,POR,2
131,132,G,Dennis Schroder,TOR,2
132,133,G,Jordan Clarkson,UTA,2
133,134,F,Christian Wood,LAL,2
134,135,G,Jalen Suggs,ORL,2
135,136,G,Quentin Grimes,NY,2
136,137,G,Cole Anthony,ORL,2
137,138,G,Keyonte George,UTA,2
138,139,G,Coby White,CHI,2
139,140,G,Collin Sexton,UTA,2
140,141,G,Josh Hart,NY,2
141,142,F,Brandon Miller,CHA,2
142,143,F,P.J. Washington,CHA,2
143,144,G,Kevin Huerter,SAC,2
144,145,F,Jonathan Kuminga,GS,2
145,146,F,Kevon Looney,GS,2
146,147,F,Jaden McDaniels,MIN,2
147,148,G,Bogdan Bogdanovic,ATL,2
148,149,C,Dereck Lively,DAL,2
149,150,F,Deni Avdija,WAS,2
150,151,F,Bojan Bogdanovic,DET,2
151,152,F,Patrick Williams,CHI,2
152,153,F,Jarace Walker,IND,2
153,154,G,Talen Horton-Tucker,UTA,2
154,155,G,Malcolm Brogdon,POR,2
155,156,F,Herbert Jones,NO,2
156,157,F,Bobby Portis,MIL,2
157,158,G,Josh Richardson,MIA,2
158,159,F,Kenyon Martin,LAC,2
159,160,G,Andrew Nembhard,IND,2
160,161,F,Jalen Johnson,ATL,2
161,162,F,Trey Murphy,NO,2
162,163,F,Kyle Anderson,MIN,2
163,164,G,De'Anthony Melton,PHI,2
164,165,F,De'Andre Hunter,ATL,2
165,166,C,Kelly Olynyk,UTA,2
166,167,G,T.J. McConnell,IND,2
167,168,C,Naz Reid,MIN,2
168,169,G,Malik Monk,SAC,2
169,170,F,Gordon Hayward,CHA,2
170,171,F,Kelly Oubre Jr.,PHI,2
171,172,G,Norman Powell,LAC,2
172,173,F,Harrison Barnes,SAC,2
173,174,C,Isaiah Stewart,DET,2
174,175,C,Al Horford,BOS,2
175,176,G,Jaden Hardy,DAL,2
176,177,C,Drew Eubanks,PHO,2
177,178,C,Andre Drummond,CHI,2
178,179,G,Cameron Thomas,BKN,2
179,180,F,Max Strus,CLE,2
180,181,F,Olivier-Maxence Prosper,DAL,2
181,182,G,Kentavious Caldwell-Pope,DEN,2
182,183,G,Delon Wright,WAS,2
183,184,G,Dillon Brooks,HOU,2
184,185,F,Santi Aldama,MEM,2
185,186,G,Terance Mann,LAC,2
186,187,G,Kris Dunn,UTA,2
187,188,G,Anthony Black,ORL,2
188,189,F,Rui Hachimura,LAL,2
189,190,F,Jarred Vanderbilt,LAL,2
190,191,F,Xavier Tillman,MEM,2
191,192,G,Bones Hyland,LAC,2
192,193,F,Peyton Watson,DEN,2
193,194,G,Killian Hayes,DET,2
194,195,F,Grant Williams,DAL,2
195,196,G,Christian Braun,DEN,2
196,197,F,Jaime Jaquez,MIA,2
197,198,F,Bilal Coulibaly,WAS,2
198,199,G,Shake Milton,MIN,2
199,200,G,Kyle Lowry,MIA,2
200,201,F,Isaiah Jackson,IND,2
201,202,F,Caleb Martin,MIA,2
202,203,G,Matisse Thybulle,POR,2
203,204,F,Corey Kispert,WAS,2
204,205,F,AJ Griffin,ATL,2
205,206,F,Marvin Bagley,DET,2
206,207,F,Larry Nance,NO,2
207,208,G,Donte DiVincenzo,NY,2
208,209,G,Dyson Daniels,NO,2
209,210,G,Derrick Rose,MEM,2
210,211,G,Luke Kennard,MEM,2
211,212,G,Grayson Allen,PHO,2
212,213,G,Gabe Vincent,LAL,2
213,214,G,Payton Pritchard,BOS,2
214,215,G,Luguentz Dort,OKC,2
215,216,F,Cam Whitmore,HOU,2
0,1,C,Nikola Jokic,DEN,3
1,2,C,Joel Embiid,PHI,3
2,3,F,Giannis Antetokounmpo,MIL,3
3,4,F,Jayson Tatum,BOS,3
4,5,G,Shai Gilgeous-Alexander,OKC,3
5,6,G,Luka Doncic,DAL,3
6,7,G,Tyrese Haliburton,IND,3
7,8,G,Stephen Curry,GS,3
8,9,G,Damian Lillard,MIL,3
9,10,F,Anthony Davis,LAL,3
10,11,F,Kevin Durant,PHO,3
11,12,G,LaMelo Ball,CHA,3
12,13,C,Domantas Sabonis,SAC,3
13,14,G,Kyrie Irving,DAL,3
14,15,G,Anthony Edwards,MIN,3
15,16,G,Donovan Mitchell,CLE,3
16,17,G,Devin Booker,PHO,3
17,18,G,Trae Young,ATL,3
18,19,F,LeBron James,LAL,3
19,20,F,Mikal Bridges,BKN,3
20,21,G,James Harden,PHI,3
21,22,G,De'Aaron Fox,SAC,3
22,23,F,Kawhi Leonard,LAC,3
23,24,G,Cade Cunningham,DET,3
24,25,F,Pascal Siakam,TOR,3
25,26,C,Karl-Anthony Towns,MIN,3
26,27,F,Jimmy Butler,MIA,3
27,28,C,Bam Adebayo,MIA,3
28,29,F,Lauri Markkanen,UTA,3
29,30,C,Evan Mobley,CLE,3
30,31,F,Zion Williamson,NO,3
31,32,G,Jamal Murray,DEN,3
32,33,F,Jaylen Brown,BOS,3
33,34,G,Dejounte Murray,ATL,3
34,35,G,Jalen Brunson,NY,3
35,36,G,Darius Garland,CLE,3
36,37,C,Jaren Jackson,MEM,3
37,38,G,Desmond Bane,MEM,3
38,39,G,DeMar DeRozan,CHI,3
39,40,F,Paul George,LAC,3
40,41,F,Brandon Ingram,NO,3
41,42,F,Victor Wembanyama,SA,3
42,43,F,Julius Randle,NY,3
43,44,C,Nicolas Claxton,BKN,3
44,45,G,Zach LaVine,CHI,3
45,46,G,Fred VanVleet,HOU,3
46,47,C,Deandre Ayton,POR,3
47,48,G,Jordan Poole,WAS,3
48,49,G,Tyrese Maxey,PHI,3
49,50,F,Paolo Banchero,ORL,3
50,51,G,Ja Morant,MEM,3
51,52,F,Scottie Barnes,TOR,3
52,53,G,Josh Giddey,OKC,3
53,54,C,Alperen Sengun,HOU,3
54,55,C,Walker Kessler,UTA,3
55,56,F,Kristaps Porzingis,BOS,3
56,57,C,Myles Turner,IND,3
57,58,C,Nikola Vucevic,CHI,3
58,59,G,Bradley Beal,PHO,3
59,60,F,OG Anunoby,TOR,3
60,61,F,Kyle Kuzma,WAS,3
61,62,F,Franz Wagner,ORL,3
62,63,C,Rudy Gobert,MIN,3
63,64,G,Anfernee Simons,POR,3
64,65,F,Chet Holmgren,OKC,3
65,66,G,Jrue Holiday,BOS,3
66,67,G,Devin Vassell,SA,3
67,68,G,CJ McCollum,NO,3
68,69,F,Aaron Gordon,DEN,3
69,70,C,Jarrett Allen,CLE,3
70,71,G,Tyler Herro,MIA,3
71,72,F,Jerami Grant,POR,3
72,73,C,Jakob Poeltl,TOR,3
73,74,G,Chris Paul,GS,3
74,75,G,Jalen Williams,OKC,3
75,76,F,Khris Middleton,MIL,3
76,77,G,Spencer Dinwiddie,BKN,3
77,78,G,Jalen Green,HOU,3
78,79,G,Scoot Henderson,POR,3
79,80,G,Terry Rozier,CHA,3
80,81,G,Markelle Fultz,ORL,3
81,82,F,John Collins,UTA,3
82,83,G,Tre Jones,SA,3
83,84,G,Tyus Jones,WAS,3
84,85,G,Austin Reaves,LAL,3
85,86,F,Cameron Johnson,BKN,3
86,87,F,Tobias Harris,PHI,3
87,88,F,Daniel Gafford,WAS,3
88,89,C,Brook Lopez,MIL,3
89,90,C,Jalen Duren,DET,3
90,91,F,Miles Bridges,CHA,3
91,92,G,Klay Thompson,GS,3
92,93,F,Jabari Smith,HOU,3
93,94,G,Russell Westbrook,LAC,3
94,95,G,Ben Simmons,BKN,3
95,96,C,Wendell Carter,ORL,3
96,97,G,Marcus Smart,MEM,3
97,98,C,Mark Williams,CHA,3
98,99,F,Keldon Johnson,SA,3
99,100,G,D'Angelo Russell,LAL,3
100,101,C,Jonas Valanciunas,NO,3
101,102,F,Andrew Wiggins,GS,3
102,103,F,Michael Porter,DEN,3
103,104,F,Draymond Green,GS,3
104,105,C,Clint Capela,ATL,3
105,106,G,Jaden Ivey,DET,3
106,107,C,Onyeka Okongwu,ATL,3
107,108,F,Keegan Murray,SAC,3
108,109,G,Shaedon Sharpe,POR,3
109,110,C,Jusuf Nurkic,PHO,3
110,111,G,Bennedict Mathurin,IND,3
111,112,F,Zach Collins,SA,3
112,113,G,Immanuel Quickley,NY,3
113,114,G,Jordan Clarkson,UTA,3
114,115,G,Derrick White,BOS,3
115,116,G,Bruce Brown,IND,3
116,117,G,RJ Barrett,NY,3
117,118,G,Collin Sexton,UTA,3
118,119,G,Mike Conley,MIN,3
119,120,F,Ausar Thompson,DET,3
120,121,G,Josh Hart,NY,3
121,122,C,Mitchell Robinson,NY,3
122,123,G,Buddy Hield,IND,3
123,124,C,Robert Williams,POR,3
124,125,F,Brandon Miller,CHA,3
125,126,F,Deni Avdija,WAS,3
126,127,F,Christian Wood,LAL,3
127,128,F,Trey Murphy,NO,3
128,129,C,Steven Adams,MEM,3
129,130,F,Gordon Hayward,CHA,3
130,131,F,Paul Reed,PHI,3
131,132,C,Ivica Zubac,LAC,3
132,133,G,Kevin Huerter,SAC,3
133,134,G,Dennis Schroder,TOR,3
134,135,C,Al Horford,BOS,3
135,136,C,Dereck Lively,DAL,3
136,137,F,Herbert Jones,NO,3
137,138,G,Keyonte George,UTA,3
138,139,F,Saddiq Bey,ATL,3
139,140,G,Gary Trent,TOR,3
140,141,F,Amen Thompson,HOU,3
141,142,F,Bojan Bogdanovic,DET,3
142,143,G,De'Anthony Melton,PHI,3
143,144,F,Jeremy Sochan,SA,3
144,145,G,Coby White,CHI,3
145,146,F,Bobby Portis,MIL,3
146,147,G,Quentin Grimes,NY,3
147,148,F,Jaden McDaniels,MIN,3
148,149,C,Isaiah Stewart,DET,3
149,150,F,Obi Toppin,IND,3
150,151,F,Tari Eason,HOU,3
151,152,G,Malcolm Brogdon,POR,3
152,153,F,P.J. Washington,CHA,3
153,154,G,Caris LeVert,CLE,3
154,155,F,Jarace Walker,IND,3
155,156,F,Kevon Looney,GS,3
156,157,C,Naz Reid,MIN,3
157,158,G,Cole Anthony,ORL,3
158,159,F,Isaiah Jackson,IND,3
159,160,G,Bogdan Bogdanovic,ATL,3
160,161,F,Patrick Williams,CHI,3
161,162,G,Kyle Lowry,MIA,3
162,163,C,Kelly Olynyk,UTA,3
163,164,G,Kentavious Caldwell-Pope,DEN,3
164,165,F,Kyle Anderson,MIN,3
165,166,G,Dillon Brooks,HOU,3
166,167,G,Josh Richardson,MIA,3
167,168,F,Jalen Johnson,ATL,3
168,169,G,Jaden Hardy,DAL,3
169,170,F,Jonathan Isaac,ORL,3
170,171,F,Rui Hachimura,LAL,3
171,172,G,Cameron Thomas,BKN,3
172,173,F,De'Andre Hunter,ATL,3
173,174,F,Jonathan Kuminga,GS,3
174,175,G,Jalen Suggs,ORL,3
175,176,C,Drew Eubanks,PHO,3
176,177,G,Norman Powell,LAC,3
177,178,F,Grant Williams,DAL,3
178,179,G,Kris Dunn,UTA,3
179,180,F,AJ Griffin,ATL,3
180,181,G,Dyson Daniels,NO,3
181,182,G,Talen Horton-Tucker,UTA,3
182,183,G,T.J. McConnell,IND,3
183,184,G,Delon Wright,WAS,3
184,185,C,Moritz Wagner,ORL,3
185,186,G,Bones Hyland,LAC,3
186,187,F,Kelly Oubre Jr.,PHI,3
187,188,F,Corey Kispert,WAS,3
188,189,F,Marvin Bagley,DET,3
189,190,F,Harrison Barnes,SAC,3
190,191,F,Caleb Martin,MIA,3
191,192,G,Malik Monk,SAC,3
192,193,F,Santi Aldama,MEM,3
193,194,F,Max Strus,CLE,3
194,195,C,James Wiseman,DET,3
195,196,G,Donte DiVincenzo,NY,3
196,197,C,Mason Plumlee,LAC,3
197,198,G,Luguentz Dort,OKC,3
198,199,C,Nick Richards,CHA,3
199,200,G,Andrew Nembhard,IND,3
200,201,F,Bilal Coulibaly,WAS,3
201,202,G,Killian Hayes,DET,3
202,203,F,Larry Nance,NO,3
203,204,G,Christian Braun,DEN,3
204,205,G,Shake Milton,MIN,3
205,206,G,Luke Kennard,MEM,3
206,207,F,Trayce Jackson-Davis,GS,3
207,208,F,Xavier Tillman,MEM,3
208,209,F,Kenyon Martin,LAC,3
209,210,G,Josh Green,DAL,3
210,211,G,Tim Hardaway,DAL,3
211,212,G,Gabe Vincent,LAL,3
212,213,C,Thomas Bryant,MIA,3
213,214,G,Payton Pritchard,BOS,3
214,215,G,Dennis Smith,BKN,3
215,216,F,Aleksandar Vezenkov,SAC,3
0,1,C,Nikola Jokic,DEN,4
1,2,G,Luka Doncic,DAL,4
2,3,C,Joel Embiid,PHI,4
3,4,G,Tyrese Haliburton,IND,4
4,5,F,Giannis Antetokounmpo,MIL,4
5,6,G,Shai Gilgeous-Alexander,OKC,4
6,7,F,Jayson Tatum,BOS,4
7,8,F,Anthony Davis,LAL,4
8,9,G,Stephen Curry,GS,4
9,10,G,Anthony Edwards,MIN,4
10,11,F,Kevin Durant,PHO,4
11,12,G,LaMelo Ball,CHA,4
12,13,C,Domantas Sabonis,SAC,4
13,14,G,Trae Young,ATL,4
14,15,F,Mikal Bridges,BKN,4
15,16,G,Devin Booker,PHO,4
16,17,G,Damian Lillard,MIL,4
17,18,G,Kyrie Irving,DAL,4
18,19,G,Donovan Mitchell,CLE,4
19,20,G,Jalen Brunson,NY,4
20,21,F,Pascal Siakam,TOR,4
21,22,G,De'Aaron Fox,SAC,4
22,23,G,James Harden,PHI,4
23,24,G,Cade Cunningham,DET,4
24,25,G,Dejounte Murray,ATL,4
25,26,F,LeBron James,LAL,4
26,27,C,Evan Mobley,CLE,4
27,28,F,Jimmy Butler,MIA,4
28,29,C,Bam Adebayo,MIA,4
29,30,F,Kawhi Leonard,LAC,4
30,31,F,Paul George,LAC,4
31,32,C,Jaren Jackson,MEM,4
32,33,F,Jaylen Brown,BOS,4
33,34,G,Desmond Bane,MEM,4
34,35,C,Karl-Anthony Towns,MIN,4
35,36,G,Darius Garland,CLE,4
36,37,F,Julius Randle,NY,4
37,38,F,Zion Williamson,NO,4
38,39,G,Zach LaVine,CHI,4
39,40,G,Fred VanVleet,HOU,4
40,41,C,Nicolas Claxton,BKN,4
41,42,F,Victor Wembanyama,SA,4
42,43,F,Lauri Markkanen,UTA,4
43,44,G,Jamal Murray,DEN,4
44,45,G,DeMar DeRozan,CHI,4
45,46,G,Josh Giddey,OKC,4
46,47,C,Alperen Sengun,HOU,4
47,48,C,Nikola Vucevic,CHI,4
48,49,F,Paolo Banchero,ORL,4
49,50,G,Ja Morant,MEM,4
50,51,C,Walker Kessler,UTA,4
51,52,G,Tyrese Maxey,PHI,4
52,53,F,Brandon Ingram,NO,4
53,54,G,Anfernee Simons,POR,4
54,55,C,Deandre Ayton,POR,4
55,56,G,Jordan Poole,WAS,4
56,57,C,Myles Turner,IND,4
57,58,G,Jrue Holiday,BOS,4
58,59,F,Scottie Barnes,TOR,4
59,60,F,Kristaps Porzingis,BOS,4
60,61,F,Kyle Kuzma,WAS,4
61,62,F,OG Anunoby,TOR,4
62,63,G,Bradley Beal,PHO,4
63,64,F,Chet Holmgren,OKC,4
64,65,F,Franz Wagner,ORL,4
65,66,G,Tyler Herro,MIA,4
66,67,C,Jakob Poeltl,TOR,4
67,68,C,Jarrett Allen,CLE,4
68,69,G,Devin Vassell,SA,4
69,70,G,CJ McCollum,NO,4
70,71,C,Rudy Gobert,MIN,4
71,72,G,Terry Rozier,CHA,4
72,73,G,Jalen Williams,OKC,4
73,74,F,Jerami Grant,POR,4
74,75,G,Tyus Jones,WAS,4
75,76,C,Clint Capela,ATL,4
76,77,G,Spencer Dinwiddie,BKN,4
77,78,G,Markelle Fultz,ORL,4
78,79,G,Scoot Henderson,POR,4
79,80,G,Chris Paul,GS,4
80,81,G,Klay Thompson,GS,4
81,82,F,Khris Middleton,MIL,4
82,83,G,Jalen Green,HOU,4
83,84,F,Cameron Johnson,BKN,4
84,85,C,Wendell Carter,ORL,4
85,86,C,Mark Williams,CHA,4
86,87,G,Austin Reaves,LAL,4
87,88,F,Daniel Gafford,WAS,4
88,89,G,Tre Jones,SA,4
89,90,F,Andrew Wiggins,GS,4
90,91,G,D'Angelo Russell,LAL,4
91,92,F,Draymond Green,GS,4
92,93,G,Russell Westbrook,LAC,4
93,94,F,Jabari Smith,HOU,4
94,95,C,Brook Lopez,MIL,4
95,96,F,Aaron Gordon,DEN,4
96,97,G,Ben Simmons,BKN,4
97,98,F,Miles Bridges,CHA,4
98,99,C,Onyeka Okongwu,ATL,4
99,100,F,Zach Collins,SA,4
100,101,F,Tobias Harris,PHI,4
101,102,C,Jalen Duren,DET,4
102,103,G,Bruce Brown,IND,4
103,104,G,Marcus Smart,MEM,4
104,105,F,Michael Porter,DEN,4
105,106,F,Keegan Murray,SAC,4
106,107,G,Immanuel Quickley,NY,4
107,108,G,Jaden Ivey,DET,4
108,109,C,Jusuf Nurkic,PHO,4
109,110,F,John Collins,UTA,4
110,111,F,Ausar Thompson,DET,4
111,112,G,Jordan Clarkson,UTA,4
112,113,F,Keldon Johnson,SA,4
113,114,F,Amen Thompson,HOU,4
114,115,C,Mitchell Robinson,NY,4
115,116,G,Buddy Hield,IND,4
116,117,G,Josh Hart,NY,4
117,118,G,Derrick White,BOS,4
118,119,G,RJ Barrett,NY,4
119,120,G,Mike Conley,MIN,4
120,121,F,Bobby Portis,MIL,4
121,122,F,P.J. Washington,CHA,4
122,123,C,Jonas Valanciunas,NO,4
123,124,C,Steven Adams,MEM,4
124,125,F,Kyle Anderson,MIN,4
125,126,F,Tari Eason,HOU,4
126,127,F,Christian Wood,LAL,4
127,128,G,Shaedon Sharpe,POR,4
128,129,G,Kevin Huerter,SAC,4
129,130,C,Robert Williams,POR,4
130,131,F,Paul Reed,PHI,4
131,132,G,Collin Sexton,UTA,4
132,133,G,Bennedict Mathurin,IND,4
133,134,G,De'Anthony Melton,PHI,4
134,135,F,Kevon Looney,GS,4
135,136,F,Brandon Miller,CHA,4
136,137,F,Saddiq Bey,ATL,4
137,138,G,Quentin Grimes,NY,4
138,139,F,Bojan Bogdanovic,DET,4
139,140,F,Deni Avdija,WAS,4
140,141,F,Jeremy Sochan,SA,4
141,142,F,Jaden McDaniels,MIN,4
142,143,G,Gary Trent,TOR,4
143,144,F,Gordon Hayward,CHA,4
144,145,G,Dennis Schroder,TOR,4
145,146,F,Obi Toppin,IND,4
146,147,G,Kentavious Caldwell-Pope,DEN,4
147,148,C,Ivica Zubac,LAC,4
148,149,G,Malcolm Brogdon,POR,4
149,150,F,Jalen Johnson,ATL,4
150,151,C,Naz Reid,MIN,4
151,152,G,Caris LeVert,CLE,4
152,153,C,Al Horford,BOS,4
153,154,G,Coby White,CHI,4
154,155,F,Jarace Walker,IND,4
155,156,F,Jonathan Kuminga,GS,4
156,157,G,Bogdan Bogdanovic,ATL,4
157,158,G,Norman Powell,LAC,4
158,159,F,Patrick Williams,CHI,4
159,160,F,Trey Murphy,NO,4
160,161,G,Cole Anthony,ORL,4
161,162,F,Kelly Oubre Jr.,PHI,4
162,163,G,Jalen Suggs,ORL,4
163,164,G,Killian Hayes,DET,4
164,165,F,Jarred Vanderbilt,LAL,4
165,166,F,Harrison Barnes,SAC,4
166,167,F,Max Strus,CLE,4
167,168,G,Dillon Brooks,HOU,4
168,169,C,Dereck Lively,DAL,4
169,170,C,Isaiah Hartenstein,NY,4
170,171,G,Luguentz Dort,OKC,4
171,172,G,Josh Richardson,MIA,4
172,173,F,Herbert Jones,NO,4
173,174,G,Keyonte George,UTA,4
174,175,F,Bilal Coulibaly,WAS,4
175,176,G,Malik Monk,SAC,4
176,177,C,Kelly Olynyk,UTA,4
177,178,C,Isaiah Stewart,DET,4
178,179,G,Malik Beasley,MIL,4
179,180,G,Kyle Lowry,MIA,4
180,181,G,Jaden Hardy,DAL,4
181,182,F,Rui Hachimura,LAL,4
182,183,G,Talen Horton-Tucker,UTA,4
183,184,G,Delon Wright,WAS,4
184,185,C,Charles Bassey,SA,4
185,186,C,Drew Eubanks,PHO,4
186,187,C,Andre Drummond,CHI,4
187,188,F,Isaiah Jackson,IND,4
188,189,G,T.J. McConnell,IND,4
189,190,C,Mason Plumlee,LAC,4
190,191,F,De'Andre Hunter,ATL,4
191,192,G,Shake Milton,MIN,4
192,193,G,Josh Green,DAL,4
193,194,F,Grant Williams,DAL,4
194,195,G,Ayo Dosunmu,CHI,4
195,196,G,Josh Okogie,PHO,4
196,197,F,Corey Kispert,WAS,4
197,198,F,Jonathan Isaac,ORL,4
198,199,F,Robert Covington,LAC,4
199,200,F,Santi Aldama,MEM,4
200,201,F,Caleb Martin,MIA,4
201,202,F,Emoni Bates,CLE,4
202,203,G,Dyson Daniels,NO,4
203,204,G,Christian Braun,DEN,4
204,205,F,Dario Saric,GS,4
205,206,G,Andrew Nembhard,IND,4
206,207,G,Cameron Thomas,BKN,4
207,208,G,Donte DiVincenzo,NY,4
208,209,C,Day'Ron Sharpe,BKN,4
209,210,F,Peyton Watson,DEN,4
210,211,F,Taurean Prince,LAL,4
211,212,C,Nick Richards,CHA,4
212,213,G,Tim Hardaway,DAL,4
213,214,G,Julian Strawther,DEN,4
214,215,F,Cam Whitmore,HOU,4
215,216,F,David Roddy,MEM,4
0,1,C,Nikola Jokic,DEN,5
1,2,C,Joel Embiid,PHI,5
2,3,G,Luka Doncic,DAL,5
3,4,F,Giannis Antetokounmpo,MIL,5
4,5,G,Tyrese Haliburton,IND,5
5,6,G,Shai Gilgeous-Alexander,OKC,5
6,7,F,Jayson Tatum,BOS,5
7,8,F,Anthony Davis,LAL,5
8,9,G,Stephen Curry,GS,5
9,10,F,Kevin Durant,PHO,5
10,11,G,LaMelo Ball,CHA,5
11,12,C,Domantas Sabonis,SAC,5
12,13,G,Damian Lillard,MIL,5
13,14,G,Devin Booker,PHO,5
14,15,G,Anthony Edwards,MIN,5
15,16,G,Donovan Mitchell,CLE,5
16,17,G,Trae Young,ATL,5
17,18,G,Kyrie Irving,DAL,5
18,19,F,Jimmy Butler,MIA,5
19,20,F,LeBron James,LAL,5
20,21,G,Jalen Brunson,NY,5
21,22,F,Mikal Bridges,BKN,5
22,23,C,Bam Adebayo,MIA,5
23,24,G,James Harden,PHI,5
24,25,F,Kawhi Leonard,LAC,5
25,26,C,Jaren Jackson,MEM,5
26,27,C,Karl-Anthony Towns,MIN,5
27,28,F,Pascal Siakam,TOR,5
28,29,G,De'Aaron Fox,SAC,5
29,30,G,Jamal Murray,DEN,5
30,31,G,Dejounte Murray,ATL,5
31,32,F,Julius Randle,NY,5
32,33,G,Cade Cunningham,DET,5
33,34,G,Zach LaVine,CHI,5
34,35,F,Lauri Markkanen,UTA,5
35,36,F,Paul George,LAC,5
36,37,F,Jaylen Brown,BOS,5
37,38,F,Zion Williamson,NO,5
38,39,C,Evan Mobley,CLE,5
39,40,F,Victor Wembanyama,SA,5
40,41,G,Darius Garland,CLE,5
41,42,G,Fred VanVleet,HOU,5
42,43,G,Jordan Poole,WAS,5
43,44,C,Deandre Ayton,POR,5
44,45,F,Scottie Barnes,TOR,5
45,46,G,Desmond Bane,MEM,5
46,47,G,Ja Morant,MEM,5
47,48,G,DeMar DeRozan,CHI,5
48,49,G,Tyrese Maxey,PHI,5
49,50,C,Nicolas Claxton,BKN,5
50,51,F,Kristaps Porzingis,BOS,5
51,52,C,Walker Kessler,UTA,5
52,53,G,Bradley Beal,PHO,5
53,54,F,Brandon Ingram,NO,5
54,55,C,Nikola Vucevic,CHI,5
55,56,G,Josh Giddey,OKC,5
56,57,C,Myles Turner,IND,5
57,58,C,Alperen Sengun,HOU,5
58,59,F,Paolo Banchero,ORL,5
59,60,F,Kyle Kuzma,WAS,5
60,61,F,Chet Holmgren,OKC,5
61,62,G,Tyler Herro,MIA,5
62,63,G,Devin Vassell,SA,5
63,64,F,Franz Wagner,ORL,5
64,65,G,Anfernee Simons,POR,5
65,66,G,Jrue Holiday,BOS,5
66,67,F,Jerami Grant,POR,5
67,68,C,Rudy Gobert,MIN,5
68,69,G,Terry Rozier,CHA,5
69,70,F,OG Anunoby,TOR,5
70,71,G,Jalen Williams,OKC,5
71,72,C,Jakob Poeltl,TOR,5
72,73,G,Markelle Fultz,ORL,5
73,74,G,Chris Paul,GS,5
74,75,G,CJ McCollum,NO,5
75,76,G,Scoot Henderson,POR,5
76,77,C,Jarrett Allen,CLE,5
77,78,F,Cameron Johnson,BKN,5
78,79,G,Tyus Jones,WAS,5
79,80,C,Mark Williams,CHA,5
80,81,G,Jalen Green,HOU,5
81,82,G,Austin Reaves,LAL,5
82,83,G,Spencer Dinwiddie,BKN,5
83,84,F,Miles Bridges,CHA,5
84,85,F,Khris Middleton,MIL,5
85,86,G,D'Angelo Russell,LAL,5
86,87,F,Daniel Gafford,WAS,5
87,88,G,Ben Simmons,BKN,5
88,89,G,Klay Thompson,GS,5
89,90,F,Tobias Harris,PHI,5
90,91,C,Wendell Carter,ORL,5
91,92,F,Draymond Green,GS,5
92,93,C,Brook Lopez,MIL,5
93,94,F,John Collins,UTA,5
94,95,F,Aaron Gordon,DEN,5
95,96,F,Andrew Wiggins,GS,5
96,97,G,Russell Westbrook,LAC,5
97,98,C,Clint Capela,ATL,5
98,99,F,Jabari Smith,HOU,5
99,100,G,Tre Jones,SA,5
100,101,C,Onyeka Okongwu,ATL,5
101,102,C,Jusuf Nurkic,PHO,5
102,103,F,Zach Collins,SA,5
103,104,G,Derrick White,BOS,5
104,105,C,Jalen Duren,DET,5
105,106,G,Marcus Smart,MEM,5
106,107,F,Michael Porter,DEN,5
107,108,G,Shaedon Sharpe,POR,5
108,109,G,Bruce Brown,IND,5
109,110,G,RJ Barrett,NY,5
110,111,F,Keegan Murray,SAC,5
111,112,G,Jaden Ivey,DET,5
112,113,C,Mitchell Robinson,NY,5
113,114,G,Bennedict Mathurin,IND,5
114,115,C,Steven Adams,MEM,5
115,116,F,Ausar Thompson,DET,5
116,117,F,P.J. Washington,CHA,5
117,118,C,Jonas Valanciunas,NO,5
118,119,G,Immanuel Quickley,NY,5
119,120,F,Paul Reed,PHI,5
120,121,G,Coby White,CHI,5
121,122,G,Jordan Clarkson,UTA,5
122,123,G,Gary Trent,TOR,5
123,124,F,Jeremy Sochan,SA,5
124,125,F,Keldon Johnson,SA,5
125,126,G,Cole Anthony,ORL,5
126,127,F,Trey Murphy,NO,5
127,128,G,Dennis Schroder,TOR,5
128,129,G,Buddy Hield,IND,5
129,130,C,Robert Williams,POR,5
130,131,G,Collin Sexton,UTA,5
131,132,F,Christian Wood,LAL,5
132,133,G,Mike Conley,MIN,5
133,134,F,Amen Thompson,HOU,5
134,135,F,Jalen Johnson,ATL,5
135,136,F,Bojan Bogdanovic,DET,5
136,137,C,Dereck Lively,DAL,5
137,138,G,Josh Hart,NY,5
138,139,G,Jaden Hardy,DAL,5
139,140,F,Gordon Hayward,CHA,5
140,141,C,Al Horford,BOS,5
141,142,C,Ivica Zubac,LAC,5
142,143,F,Obi Toppin,IND,5
143,144,G,Talen Horton-Tucker,UTA,5
144,145,G,Kevin Huerter,SAC,5
145,146,G,Jevon Carter,CHI,5
146,147,F,Kevon Looney,GS,5
147,148,F,Jaden McDaniels,MIN,5
148,149,F,Saddiq Bey,ATL,5
149,150,G,Caris LeVert,CLE,5
150,151,G,De'Anthony Melton,PHI,5
151,152,F,Brandon Miller,CHA,5
152,153,F,Bobby Portis,MIL,5
153,154,F,Bilal Coulibaly,WAS,5
154,155,F,Deni Avdija,WAS,5
155,156,G,Keyonte George,UTA,5
156,157,G,Dillon Brooks,HOU,5
157,158,G,Josh Richardson,MIA,5
158,159,G,Quentin Grimes,NY,5
159,160,F,Jarace Walker,IND,5
160,161,C,Isaiah Stewart,DET,5
161,162,F,Kyle Anderson,MIN,5
162,163,F,Tari Eason,HOU,5
163,164,G,Bogdan Bogdanovic,ATL,5
164,165,F,Kenyon Martin,LAC,5
165,166,F,Patrick Williams,CHI,5
166,167,F,Grant Williams,DAL,5
167,168,G,Jalen Suggs,ORL,5
168,169,F,Jonathan Kuminga,GS,5
169,170,F,AJ Griffin,ATL,5
170,171,G,Kentavious Caldwell-Pope,DEN,5
171,172,F,Rui Hachimura,LAL,5
172,173,G,Kris Dunn,UTA,5
173,174,G,Cameron Thomas,BKN,5
174,175,F,Herbert Jones,NO,5
175,176,F,Jarred Vanderbilt,LAL,5
176,177,G,Luguentz Dort,OKC,5
177,178,G,Malik Monk,SAC,5
178,179,G,Malcolm Brogdon,POR,5
179,180,G,Kyle Lowry,MIA,5
180,181,F,De'Andre Hunter,ATL,5
181,182,G,Norman Powell,LAC,5
182,183,C,Naz Reid,MIN,5
183,184,F,Peyton Watson,DEN,5
184,185,F,Santi Aldama,MEM,5
185,186,G,Shake Milton,MIN,5
186,187,F,Marvin Bagley,DET,5
187,188,F,Kelly Oubre Jr.,PHI,5
188,189,G,Christian Braun,DEN,5
189,190,F,Harrison Barnes,SAC,5
190,191,G,Dyson Daniels,NO,5
191,192,F,Robert Covington,LAC,5
192,193,C,Charles Bassey,SA,5
193,194,C,James Wiseman,DET,5
194,195,F,Max Strus,CLE,5
195,196,G,Payton Pritchard,BOS,5
196,197,C,Kelly Olynyk,UTA,5
197,198,C,Nick Richards,CHA,5
198,199,G,T.J. McConnell,IND,5
199,200,G,Alex Caruso,CHI,5
200,201,F,Caleb Martin,MIA,5
201,202,C,Isaiah Hartenstein,NY,5
202,203,F,Isaiah Jackson,IND,5
203,204,G,Malik Beasley,MIL,5
204,205,F,Xavier Tillman,MEM,5
205,206,G,Killian Hayes,DET,5
206,207,G,Josh Okogie,PHO,5
207,208,G,Terance Mann,LAC,5
208,209,G,Josh Green,DAL,5
209,210,G,Grayson Allen,PHO,5
210,211,G,Andrew Nembhard,IND,5
211,212,C,Drew Eubanks,PHO,5
212,213,G,Luke Kennard,MEM,5
213,214,G,Kevin Porter,(N/A),5
214,215,G,Bones Hyland,LAC,5
215,216,G,Delon Wright,WAS,5
0,1,C,Nikola Jokic,DEN,6
1,2,G,Luka Doncic,DAL,6
2,3,C,Joel Embiid,PHI,6
3,4,G,Shai Gilgeous-Alexander,OKC,6
4,5,F,Giannis Antetokounmpo,MIL,6
5,6,G,Tyrese Haliburton,IND,6
6,7,F,Jayson Tatum,BOS,6
7,8,G,Damian Lillard,MIL,6
8,9,F,Kevin Durant,PHO,6
9,10,G,Stephen Curry,GS,6
10,11,F,Anthony Davis,LAL,6
11,12,G,Kyrie Irving,DAL,6
12,13,F,Kawhi Leonard,LAC,6
13,14,C,Domantas Sabonis,SAC,6
14,15,G,LaMelo Ball,CHA,6
15,16,G,Trae Young,ATL,6
16,17,G,Anthony Edwards,MIN,6
17,18,G,Donovan Mitchell,CLE,6
18,19,G,Devin Booker,PHO,6
19,20,F,LeBron James,LAL,6
20,21,G,James Harden,PHI,6
21,22,F,Pascal Siakam,TOR,6
22,23,F,Jimmy Butler,MIA,6
23,24,G,Jamal Murray,DEN,6
24,25,F,Paul George,LAC,6
25,26,G,Jalen Brunson,NY,6
26,27,G,De'Aaron Fox,SAC,6
27,28,C,Bam Adebayo,MIA,6
28,29,F,Zion Williamson,NO,6
29,30,C,Karl-Anthony Towns,MIN,6
30,31,G,Cade Cunningham,DET,6
31,32,F,Mikal Bridges,BKN,6
32,33,G,Fred VanVleet,HOU,6
33,34,G,Zach LaVine,CHI,6
34,35,C,Jaren Jackson,MEM,6
35,36,C,Evan Mobley,CLE,6
36,37,G,Jordan Poole,WAS,6
37,38,F,Lauri Markkanen,UTA,6
38,39,G,Desmond Bane,MEM,6
39,40,F,Julius Randle,NY,6
40,41,G,Dejounte Murray,ATL,6
41,42,F,Victor Wembanyama,SA,6
42,43,F,Kristaps Porzingis,BOS,6
43,44,F,Jaylen Brown,BOS,6
44,45,G,Darius Garland,CLE,6
45,46,C,Nicolas Claxton,BKN,6
46,47,G,DeMar DeRozan,CHI,6
47,48,C,Nikola Vucevic,CHI,6
48,49,F,Brandon Ingram,NO,6
49,50,C,Deandre Ayton,POR,6
50,51,G,Ja Morant,MEM,6
51,52,G,Bradley Beal,PHO,6
52,53,G,Tyrese Maxey,PHI,6
53,54,C,Alperen Sengun,HOU,6
54,55,C,Myles Turner,IND,6
55,56,F,Chet Holmgren,OKC,6
56,57,F,Paolo Banchero,ORL,6
57,58,C,Walker Kessler,UTA,6
58,59,G,Josh Giddey,OKC,6
59,60,F,Scottie Barnes,TOR,6
60,61,G,Devin Vassell,SA,6
61,62,C,Mark Williams,CHA,6
62,63,G,Jrue Holiday,BOS,6
63,64,G,Anfernee Simons,POR,6
64,65,F,Kyle Kuzma,WAS,6
65,66,G,Tyler Herro,MIA,6
66,67,G,Jalen Williams,OKC,6
67,68,C,Jarrett Allen,CLE,6
68,69,F,OG Anunoby,TOR,6
69,70,F,Franz Wagner,ORL,6
70,71,G,Chris Paul,GS,6
71,72,C,Brook Lopez,MIL,6
72,73,G,Scoot Henderson,POR,6
73,74,C,Jakob Poeltl,TOR,6
74,75,F,Jerami Grant,POR,6
75,76,F,Cameron Johnson,BKN,6
76,77,C,Rudy Gobert,MIN,6
77,78,G,Jalen Green,HOU,6
78,79,G,CJ McCollum,NO,6
79,80,G,Terry Rozier,CHA,6
80,81,F,Khris Middleton,MIL,6
81,82,G,Ben Simmons,BKN,6
82,83,F,Draymond Green,GS,6
83,84,F,Miles Bridges,CHA,6
84,85,G,Russell Westbrook,LAC,6
85,86,G,Tyus Jones,WAS,6
86,87,C,Jalen Duren,DET,6
87,88,C,Wendell Carter,ORL,6
88,89,G,Markelle Fultz,ORL,6
89,90,G,Austin Reaves,LAL,6
90,91,G,Tre Jones,SA,6
91,92,G,Klay Thompson,GS,6
92,93,G,Spencer Dinwiddie,BKN,6
93,94,G,Marcus Smart,MEM,6
94,95,F,Daniel Gafford,WAS,6
95,96,F,Jabari Smith,HOU,6
96,97,F,Tobias Harris,PHI,6
97,98,F,Zach Collins,SA,6
98,99,F,Keegan Murray,SAC,6
99,100,G,D'Angelo Russell,LAL,6
100,101,F,Andrew Wiggins,GS,6
101,102,C,Onyeka Okongwu,ATL,6
102,103,C,Jusuf Nurkic,PHO,6
103,104,C,Clint Capela,ATL,6
104,105,F,Aaron Gordon,DEN,6
105,106,F,Ausar Thompson,DET,6
106,107,C,Mitchell Robinson,NY,6
107,108,C,Jonas Valanciunas,NO,6
108,109,G,RJ Barrett,NY,6
109,110,G,Jaden Ivey,DET,6
110,111,F,John Collins,UTA,6
111,112,C,Steven Adams,MEM,6
112,113,F,Keldon Johnson,SA,6
113,114,G,Buddy Hield,IND,6
114,115,G,Derrick White,BOS,6
115,116,F,Michael Porter,DEN,6
116,117,G,Bruce Brown,IND,6
117,118,G,Bennedict Mathurin,IND,6
118,119,G,Shaedon Sharpe,POR,6
119,120,G,Jordan Clarkson,UTA,6
120,121,C,Ivica Zubac,LAC,6
121,122,G,Immanuel Quickley,NY,6
122,123,G,Josh Hart,NY,6
123,124,G,Mike Conley,MIN,6
124,125,F,Saddiq Bey,ATL,6
125,126,G,Dennis Schroder,TOR,6
126,127,F,Bojan Bogdanovic,DET,6
127,128,G,Kevin Huerter,SAC,6
128,129,F,P.J. Washington,CHA,6
129,130,F,Jeremy Sochan,SA,6
130,131,G,Gary Trent,TOR,6
131,132,G,Coby White,CHI,6
132,133,C,Naz Reid,MIN,6
133,134,G,Malcolm Brogdon,POR,6
134,135,F,Amen Thompson,HOU,6
135,136,G,Collin Sexton,UTA,6
136,137,F,Paul Reed,PHI,6
137,138,F,Harrison Barnes,SAC,6
138,139,F,Trey Murphy,NO,6
139,140,G,Caris LeVert,CLE,6
140,141,F,Patrick Williams,CHI,6
141,142,C,Robert Williams,POR,6
142,143,G,De'Anthony Melton,PHI,6
143,144,G,Bogdan Bogdanovic,ATL,6
144,145,F,Tari Eason,HOU,6
145,146,F,Christian Wood,LAL,6
146,147,C,Dereck Lively,DAL,6
147,148,F,Obi Toppin,IND,6
148,149,G,Quentin Grimes,NY,6
149,150,F,Jaden McDaniels,MIN,6
150,151,G,Dillon Brooks,HOU,6
151,152,F,Bobby Portis,MIL,6
152,153,F,Kyle Anderson,MIN,6
153,154,F,Kelly Oubre Jr.,PHI,6
154,155,C,Al Horford,BOS,6
155,156,G,Cole Anthony,ORL,6
156,157,G,Kyle Lowry,MIA,6
157,158,F,Gordon Hayward,CHA,6
158,159,F,Deni Avdija,WAS,6
159,160,G,Norman Powell,LAC,6
160,161,F,Herbert Jones,NO,6
161,162,F,Kevon Looney,GS,6
162,163,F,Jarace Walker,IND,6
163,164,C,Isaiah Stewart,DET,6
164,165,G,Cameron Thomas,BKN,6
165,166,G,Keyonte George,UTA,6
166,167,F,Brandon Miller,CHA,6
167,168,G,Luke Kennard,MEM,6
168,169,G,Terance Mann,LAC,6
169,170,G,Josh Richardson,MIA,6
170,171,G,Jalen Suggs,ORL,6
171,172,G,Jaden Hardy,DAL,6
172,173,F,Jalen Johnson,ATL,6
173,174,G,Payton Pritchard,BOS,6
174,175,F,Max Strus,CLE,6
175,176,G,Delon Wright,WAS,6
176,177,C,Kelly Olynyk,UTA,6
177,178,G,T.J. McConnell,IND,6
178,179,F,Grant Williams,DAL,6
179,180,G,Malik Monk,SAC,6
180,181,F,Jonathan Kuminga,GS,6
181,182,G,Kris Dunn,UTA,6
182,183,F,Caleb Martin,MIA,6
183,184,G,Cameron Payne,MIL,6
184,185,F,Bilal Coulibaly,WAS,6
185,186,G,Grayson Allen,PHO,6
186,187,G,Talen Horton-Tucker,UTA,6
187,188,F,De'Andre Hunter,ATL,6
188,189,C,Drew Eubanks,PHO,6
189,190,G,Kentavious Caldwell-Pope,DEN,6
190,191,F,Isaiah Jackson,IND,6
191,192,G,Andrew Nembhard,IND,6
192,193,G,Donte DiVincenzo,NY,6
193,194,F,Aleksandar Vezenkov,SAC,6
194,195,C,James Wiseman,DET,6
195,196,F,Rui Hachimura,LAL,6
196,197,G,Alex Caruso,CHI,6
197,198,G,Christian Braun,DEN,6
198,199,G,Tim Hardaway,DAL,6
199,200,G,Josh Okogie,PHO,6
200,201,F,Marvin Bagley,DET,6
201,202,F,Jonathan Isaac,ORL,6
202,203,G,Kevin Porter,(N/A),6
203,204,G,Luguentz Dort,OKC,6
204,205,G,Bones Hyland,LAC,6
205,206,G,Killian Hayes,DET,6
206,207,G,Jevon Carter,CHI,6
207,208,C,Nick Richards,CHA,6
208,209,F,Taurean Prince,LAL,6
209,210,G,Josh Green,DAL,6
210,211,F,Xavier Tillman,MEM,6
211,212,G,Malik Beasley,MIL,6
212,213,F,Corey Kispert,WAS,6
213,214,F,Jaime Jaquez,MIA,6
214,215,F,Nikola Jovic,MIA,6
215,216,C,Mason Plumlee,LAC,6
0,1,C,Nikola Jokic,DEN,7
1,2,G,Luka Doncic,DAL,7
2,3,C,Joel Embiid,PHI,7
3,4,F,Giannis Antetokounmpo,MIL,7
4,5,G,Shai Gilgeous-Alexander,OKC,7
5,6,G,Tyrese Haliburton,IND,7
6,7,F,Jayson Tatum,BOS,7
7,8,F,Kevin Durant,PHO,7
8,9,G,LaMelo Ball,CHA,7
9,10,F,Anthony Davis,LAL,7
10,11,G,Anthony Edwards,MIN,7
11,12,C,Domantas Sabonis,SAC,7
12,13,G,Trae Young,ATL,7
13,14,G,Damian Lillard,MIL,7
14,15,G,Stephen Curry,GS,7
15,16,G,Donovan Mitchell,CLE,7
16,17,G,Kyrie Irving,DAL,7
17,18,G,Devin Booker,PHO,7
18,19,F,Jimmy Butler,MIA,7
19,20,G,James Harden,PHI,7
20,21,F,LeBron James,LAL,7
21,22,G,De'Aaron Fox,SAC,7
22,23,C,Karl-Anthony Towns,MIN,7
23,24,G,Jalen Brunson,NY,7
24,25,F,Mikal Bridges,BKN,7
25,26,G,Darius Garland,CLE,7
26,27,F,Pascal Siakam,TOR,7
27,28,G,Cade Cunningham,DET,7
28,29,C,Myles Turner,IND,7
29,30,C,Bam Adebayo,MIA,7
30,31,G,Fred VanVleet,HOU,7
31,32,C,Jaren Jackson,MEM,7
32,33,G,Dejounte Murray,ATL,7
33,34,F,Kawhi Leonard,LAC,7
34,35,G,Jordan Poole,WAS,7
35,36,F,Paul George,LAC,7
36,37,G,Desmond Bane,MEM,7
37,38,F,Zion Williamson,NO,7
38,39,F,Lauri Markkanen,UTA,7
39,40,F,Jaylen Brown,BOS,7
40,41,C,Evan Mobley,CLE,7
41,42,G,Zach LaVine,CHI,7
42,43,F,Victor Wembanyama,SA,7
43,44,G,Jamal Murray,DEN,7
44,45,C,Nikola Vucevic,CHI,7
45,46,F,Julius Randle,NY,7
46,47,F,Chet Holmgren,OKC,7
47,48,C,Walker Kessler,UTA,7
48,49,C,Deandre Ayton,POR,7
49,50,F,Kristaps Porzingis,BOS,7
50,51,G,DeMar DeRozan,CHI,7
51,52,C,Alperen Sengun,HOU,7
52,53,F,OG Anunoby,TOR,7
53,54,F,Brandon Ingram,NO,7
54,55,C,Nicolas Claxton,BKN,7
55,56,G,Tyrese Maxey,PHI,7
56,57,G,Josh Giddey,OKC,7
57,58,F,Paolo Banchero,ORL,7
58,59,G,Bradley Beal,PHO,7
59,60,G,Jrue Holiday,BOS,7
60,61,C,Jarrett Allen,CLE,7
61,62,F,Scottie Barnes,TOR,7
62,63,G,Anfernee Simons,POR,7
63,64,F,Kyle Kuzma,WAS,7
64,65,F,Franz Wagner,ORL,7
65,66,G,Ja Morant,MEM,7
66,67,G,CJ McCollum,NO,7
67,68,G,Jalen Williams,OKC,7
68,69,G,Tyler Herro,MIA,7
69,70,C,Rudy Gobert,MIN,7
70,71,C,Brook Lopez,MIL,7
71,72,G,Jalen Green,HOU,7
72,73,G,Devin Vassell,SA,7
73,74,G,Terry Rozier,CHA,7
74,75,F,Jerami Grant,POR,7
75,76,F,Khris Middleton,MIL,7
76,77,F,Cameron Johnson,BKN,7
77,78,F,John Collins,UTA,7
78,79,G,Chris Paul,GS,7
79,80,G,Spencer Dinwiddie,BKN,7
80,81,C,Jakob Poeltl,TOR,7
81,82,G,Tyus Jones,WAS,7
82,83,G,Scoot Henderson,POR,7
83,84,G,Markelle Fultz,ORL,7
84,85,C,Wendell Carter,ORL,7
85,86,F,Miles Bridges,CHA,7
86,87,C,Mark Williams,CHA,7
87,88,G,Klay Thompson,GS,7
88,89,C,Clint Capela,ATL,7
89,90,F,Andrew Wiggins,GS,7
90,91,G,D'Angelo Russell,LAL,7
91,92,F,Daniel Gafford,WAS,7
92,93,F,Jabari Smith,HOU,7
93,94,G,Tre Jones,SA,7
94,95,G,Austin Reaves,LAL,7
95,96,C,Jalen Duren,DET,7
96,97,F,Keegan Murray,SAC,7
97,98,G,Marcus Smart,MEM,7
98,99,F,Tobias Harris,PHI,7
99,100,G,Ben Simmons,BKN,7
100,101,C,Onyeka Okongwu,ATL,7
101,102,G,Gary Trent,TOR,7
102,103,F,Draymond Green,GS,7
103,104,C,Jonas Valanciunas,NO,7
104,105,G,Russell Westbrook,LAC,7
105,106,F,Aaron Gordon,DEN,7
106,107,G,Derrick White,BOS,7
107,108,F,Michael Porter,DEN,7
108,109,F,Keldon Johnson,SA,7
109,110,F,Zach Collins,SA,7
110,111,C,Jusuf Nurkic,PHO,7
111,112,G,Josh Hart,NY,7
112,113,F,Ausar Thompson,DET,7
113,114,G,Bruce Brown,IND,7
114,115,C,Steven Adams,MEM,7
115,116,F,Herbert Jones,NO,7
116,117,G,Buddy Hield,IND,7
117,118,G,Jaden Ivey,DET,7
118,119,F,Trey Murphy,NO,7
119,120,C,Mitchell Robinson,NY,7
120,121,G,Mike Conley,MIN,7
121,122,G,Immanuel Quickley,NY,7
122,123,G,Shaedon Sharpe,POR,7
123,124,G,Jordan Clarkson,UTA,7
124,125,F,P.J. Washington,CHA,7
125,126,C,Robert Williams,POR,7
126,127,F,Gordon Hayward,CHA,7
127,128,G,RJ Barrett,NY,7
128,129,G,Kevin Huerter,SAC,7
129,130,G,Bennedict Mathurin,IND,7
130,131,F,Paul Reed,PHI,7
131,132,G,Dennis Schroder,TOR,7
132,133,F,Jeremy Sochan,SA,7
133,134,G,Collin Sexton,UTA,7
134,135,F,Saddiq Bey,ATL,7
135,136,F,Kyle Anderson,MIN,7
136,137,F,Bobby Portis,MIL,7
137,138,C,Ivica Zubac,LAC,7
138,139,F,Kelly Oubre Jr.,PHI,7
139,140,F,Bojan Bogdanovic,DET,7
140,141,C,Kelly Olynyk,UTA,7
141,142,G,Malcolm Brogdon,POR,7
142,143,F,Christian Wood,LAL,7
143,144,F,Tari Eason,HOU,7
144,145,G,Kentavious Caldwell-Pope,DEN,7
145,146,F,Obi Toppin,IND,7
146,147,F,Amen Thompson,HOU,7
147,148,F,Deni Avdija,WAS,7
148,149,G,De'Anthony Melton,PHI,7
149,150,G,Cole Anthony,ORL,7
150,151,F,Jalen Johnson,ATL,7
151,152,C,Naz Reid,MIN,7
152,153,F,Brandon Miller,CHA,7
153,154,G,Talen Horton-Tucker,UTA,7
154,155,C,Dereck Lively,DAL,7
155,156,G,Josh Richardson,MIA,7
156,157,G,Dillon Brooks,HOU,7
157,158,G,Keyonte George,UTA,7
158,159,G,Cameron Thomas,BKN,7
159,160,G,Caris LeVert,CLE,7
160,161,G,Coby White,CHI,7
161,162,F,Kevon Looney,GS,7
162,163,C,Al Horford,BOS,7
163,164,G,Bogdan Bogdanovic,ATL,7
164,165,F,Patrick Williams,CHI,7
165,166,F,Jarace Walker,IND,7
166,167,G,Jalen Suggs,ORL,7
167,168,F,Jonathan Kuminga,GS,7
168,169,F,Corey Kispert,WAS,7
169,170,C,Isaiah Stewart,DET,7
170,171,G,Quentin Grimes,NY,7
171,172,F,Bilal Coulibaly,WAS,7
172,173,F,Jaden McDaniels,MIN,7
173,174,F,Robert Covington,LAC,7
174,175,G,Norman Powell,LAC,7
175,176,G,Killian Hayes,DET,7
176,177,F,Rui Hachimura,LAL,7
177,178,G,Jaden Hardy,DAL,7
178,179,G,Malik Monk,SAC,7
179,180,F,De'Andre Hunter,ATL,7
180,181,F,Grant Williams,DAL,7
181,182,F,Max Strus,CLE,7
182,183,C,Nick Richards,CHA,7
183,184,G,Kris Dunn,UTA,7
184,185,G,T.J. McConnell,IND,7
185,186,F,Harrison Barnes,SAC,7
186,187,G,Gabe Vincent,LAL,7
187,188,F,Isaiah Jackson,IND,7
188,189,C,Isaiah Hartenstein,NY,7
189,190,C,Drew Eubanks,PHO,7
190,191,G,Christian Braun,DEN,7
191,192,G,Matisse Thybulle,POR,7
192,193,G,Malik Beasley,MIL,7
193,194,G,Julian Strawther,DEN,7
194,195,F,Jonathan Isaac,ORL,7
195,196,F,Xavier Tillman,MEM,7
196,197,G,Delon Wright,WAS,7
197,198,G,Kyle Lowry,MIA,7
198,199,C,James Wiseman,DET,7
199,200,F,AJ Griffin,ATL,7
200,201,C,Charles Bassey,SA,7
201,202,C,Andre Drummond,CHI,7
202,203,G,Shake Milton,MIN,7
203,204,G,Luguentz Dort,OKC,7
204,205,F,Santi Aldama,MEM,7
205,206,F,Cam Whitmore,HOU,7
206,207,G,Payton Pritchard,BOS,7
207,208,G,Andrew Nembhard,IND,7
208,209,F,Marvin Bagley,DET,7
209,210,F,Royce O'Neale,BKN,7
210,211,F,Brandon Clarke,MEM,7
211,212,G,Kevin Porter,(N/A),7
212,213,G,Donte DiVincenzo,NY,7
213,214,G,Ochai Agbaji,UTA,7
214,215,F,Aleksandar Vezenkov,SAC,7
215,216,G,Jevon Carter,CHI,7
0,1,C,Nikola Jokic,DEN,8
1,2,C,Joel Embiid,PHI,8
2,3,G,Luka Doncic,DAL,8
3,4,G,Tyrese Haliburton,IND,8
4,5,G,Shai Gilgeous-Alexander,OKC,8
5,6,F,Jayson Tatum,BOS,8
6,7,F,Giannis Antetokounmpo,MIL,8
7,8,F,Anthony Davis,LAL,8
8,9,G,Stephen Curry,GS,8
9,10,G,LaMelo Ball,CHA,8
10,11,G,Anthony Edwards,MIN,8
11,12,F,Kevin Durant,PHO,8
12,13,G,Damian Lillard,MIL,8
13,14,C,Domantas Sabonis,SAC,8
14,15,G,Trae Young,ATL,8
15,16,G,Kyrie Irving,DAL,8
16,17,G,Devin Booker,PHO,8
17,18,G,De'Aaron Fox,SAC,8
18,19,G,Donovan Mitchell,CLE,8
19,20,F,Jimmy Butler,MIA,8
20,21,G,James Harden,PHI,8
21,22,F,Kawhi Leonard,LAC,8
22,23,F,LeBron James,LAL,8
23,24,G,Cade Cunningham,DET,8
24,25,G,Jalen Brunson,NY,8
25,26,F,Pascal Siakam,TOR,8
26,27,C,Evan Mobley,CLE,8
27,28,C,Karl-Anthony Towns,MIN,8
28,29,G,Darius Garland,CLE,8
29,30,C,Jaren Jackson,MEM,8
30,31,F,Mikal Bridges,BKN,8
31,32,F,Kristaps Porzingis,BOS,8
32,33,C,Bam Adebayo,MIA,8
33,34,G,Jordan Poole,WAS,8
34,35,G,Desmond Bane,MEM,8
35,36,F,Paul George,LAC,8
36,37,G,Zach LaVine,CHI,8
37,38,G,Jamal Murray,DEN,8
38,39,F,Lauri Markkanen,UTA,8
39,40,G,Dejounte Murray,ATL,8
40,41,G,Fred VanVleet,HOU,8
41,42,F,Jaylen Brown,BOS,8
42,43,G,DeMar DeRozan,CHI,8
43,44,F,Zion Williamson,NO,8
44,45,F,Victor Wembanyama,SA,8
45,46,F,Julius Randle,NY,8
46,47,G,Tyrese Maxey,PHI,8
47,48,C,Myles Turner,IND,8
48,49,C,Nicolas Claxton,BKN,8
49,50,F,Scottie Barnes,TOR,8
50,51,G,Bradley Beal,PHO,8
51,52,G,Ja Morant,MEM,8
52,53,F,Paolo Banchero,ORL,8
53,54,C,Nikola Vucevic,CHI,8
54,55,C,Deandre Ayton,POR,8
55,56,F,Brandon Ingram,NO,8
56,57,C,Walker Kessler,UTA,8
57,58,F,Kyle Kuzma,WAS,8
58,59,G,Josh Giddey,OKC,8
59,60,G,Anfernee Simons,POR,8
60,61,F,Franz Wagner,ORL,8
61,62,C,Alperen Sengun,HOU,8
62,63,G,Tyler Herro,MIA,8
63,64,F,Chet Holmgren,OKC,8
64,65,G,Jrue Holiday,BOS,8
65,66,C,Jarrett Allen,CLE,8
66,67,C,Jakob Poeltl,TOR,8
67,68,G,Devin Vassell,SA,8
68,69,F,Daniel Gafford,WAS,8
69,70,C,Rudy Gobert,MIN,8
70,71,G,Scoot Henderson,POR,8
71,72,F,OG Anunoby,TOR,8
72,73,G,Jalen Williams,OKC,8
73,74,C,Mark Williams,CHA,8
74,75,F,Jerami Grant,POR,8
75,76,G,CJ McCollum,NO,8
76,77,F,Khris Middleton,MIL,8
77,78,G,Terry Rozier,CHA,8
78,79,G,Chris Paul,GS,8
79,80,C,Brook Lopez,MIL,8
80,81,F,John Collins,UTA,8
81,82,G,Jalen Green,HOU,8
82,83,G,Markelle Fultz,ORL,8
83,84,C,Wendell Carter,ORL,8
84,85,G,Tyus Jones,WAS,8
85,86,F,Cameron Johnson,BKN,8
86,87,G,Klay Thompson,GS,8
87,88,F,Miles Bridges,CHA,8
88,89,G,Derrick White,BOS,8
89,90,G,Spencer Dinwiddie,BKN,8
90,91,F,Andrew Wiggins,GS,8
91,92,C,Jalen Duren,DET,8
92,93,C,Clint Capela,ATL,8
93,94,G,Ben Simmons,BKN,8
94,95,F,Jabari Smith,HOU,8
95,96,G,Austin Reaves,LAL,8
96,97,C,Jusuf Nurkic,PHO,8
97,98,G,Marcus Smart,MEM,8
98,99,C,Onyeka Okongwu,ATL,8
99,100,F,Draymond Green,GS,8
100,101,F,Aaron Gordon,DEN,8
101,102,F,Tobias Harris,PHI,8
102,103,F,Michael Porter,DEN,8
103,104,C,Jonas Valanciunas,NO,8
104,105,F,Zach Collins,SA,8
105,106,C,Steven Adams,MEM,8
106,107,F,Keegan Murray,SAC,8
107,108,G,Tre Jones,SA,8
108,109,G,Bruce Brown,IND,8
109,110,G,Shaedon Sharpe,POR,8
110,111,F,Ausar Thompson,DET,8
111,112,F,Paul Reed,PHI,8
112,113,G,D'Angelo Russell,LAL,8
113,114,G,Jordan Clarkson,UTA,8
114,115,G,Gary Trent,TOR,8
115,116,G,Russell Westbrook,LAC,8
116,117,F,Christian Wood,LAL,8
117,118,G,Josh Hart,NY,8
118,119,G,Jaden Ivey,DET,8
119,120,G,Immanuel Quickley,NY,8
120,121,G,Kevin Huerter,SAC,8
121,122,G,RJ Barrett,NY,8
122,123,F,Keldon Johnson,SA,8
123,124,G,Dennis Schroder,TOR,8
124,125,G,Mike Conley,MIN,8
125,126,G,Buddy Hield,IND,8
126,127,C,Mitchell Robinson,NY,8
127,128,C,Ivica Zubac,LAC,8
128,129,F,Obi Toppin,IND,8
129,130,G,Bennedict Mathurin,IND,8
130,131,G,Coby White,CHI,8
131,132,C,Dereck Lively,DAL,8
132,133,F,Amen Thompson,HOU,8
133,134,C,Robert Williams,POR,8
134,135,C,Al Horford,BOS,8
135,136,G,Josh Richardson,MIA,8
136,137,F,Kyle Anderson,MIN,8
137,138,F,Jeremy Sochan,SA,8
138,139,F,Deni Avdija,WAS,8
139,140,F,Bobby Portis,MIL,8
140,141,G,Jevon Carter,CHI,8
141,142,F,Jarace Walker,IND,8
142,143,G,De'Anthony Melton,PHI,8
143,144,F,Patrick Williams,CHI,8
144,145,F,P.J. Washington,CHA,8
145,146,F,Bojan Bogdanovic,DET,8
146,147,F,Saddiq Bey,ATL,8
147,148,F,Brandon Miller,CHA,8
148,149,G,Caris LeVert,CLE,8
149,150,G,Malcolm Brogdon,POR,8
150,151,G,Collin Sexton,UTA,8
151,152,C,Kelly Olynyk,UTA,8
152,153,G,Kyle Lowry,MIA,8
153,154,F,Trey Murphy,NO,8
154,155,G,Quentin Grimes,NY,8
155,156,G,Keyonte George,UTA,8
156,157,C,Isaiah Stewart,DET,8
157,158,G,Bogdan Bogdanovic,ATL,8
158,159,G,Cameron Thomas,BKN,8
159,160,F,Tari Eason,HOU,8
160,161,F,Harrison Barnes,SAC,8
161,162,F,Kevon Looney,GS,8
162,163,G,Cole Anthony,ORL,8
163,164,G,Andrew Nembhard,IND,8
164,165,F,Kelly Oubre Jr.,PHI,8
165,166,G,Jalen Suggs,ORL,8
166,167,G,Norman Powell,LAC,8
167,168,F,Jaden McDaniels,MIN,8
168,169,F,Jalen Johnson,ATL,8
169,170,F,Herbert Jones,NO,8
170,171,G,Malik Monk,SAC,8
171,172,G,Delon Wright,WAS,8
172,173,C,Drew Eubanks,PHO,8
173,174,F,Gordon Hayward,CHA,8
174,175,F,Corey Kispert,WAS,8
175,176,G,Kentavious Caldwell-Pope,DEN,8
176,177,G,Alex Caruso,CHI,8
177,178,C,Naz Reid,MIN,8
178,179,G,Dillon Brooks,HOU,8
179,180,F,De'Andre Hunter,ATL,8
180,181,G,Kris Dunn,UTA,8
181,182,F,Jonathan Kuminga,GS,8
182,183,G,Talen Horton-Tucker,UTA,8
183,184,G,Christian Braun,DEN,8
184,185,G,Matisse Thybulle,POR,8
185,186,F,Xavier Tillman,MEM,8
186,187,F,Kenyon Martin,LAC,8
187,188,G,Jaden Hardy,DAL,8
188,189,G,Tim Hardaway,DAL,8
189,190,G,Shake Milton,MIN,8
190,191,G,Donte DiVincenzo,NY,8
191,192,F,MarJon Beauchamp,MIL,8
192,193,F,Grant Williams,DAL,8
193,194,F,Max Strus,CLE,8
194,195,F,Bilal Coulibaly,WAS,8
195,196,G,Kevin Porter,(N/A),8
196,197,F,Isaiah Jackson,IND,8
197,198,G,Payton Pritchard,BOS,8
198,199,C,Isaiah Hartenstein,NY,8
199,200,F,Jarred Vanderbilt,LAL,8
200,201,F,Caleb Martin,MIA,8
201,202,G,Luke Kennard,MEM,8
202,203,C,Mason Plumlee,LAC,8
203,204,G,Josh Green,DAL,8
204,205,F,AJ Griffin,ATL,8
205,206,G,Terance Mann,LAC,8
206,207,C,Andre Drummond,CHI,8
207,208,F,Santi Aldama,MEM,8
208,209,G,Luguentz Dort,OKC,8
209,210,G,Malik Beasley,MIL,8
210,211,C,Nick Richards,CHA,8
211,212,G,T.J. McConnell,IND,8
212,213,G,Eric Gordon,PHO,8
213,214,C,Charles Bassey,SA,8
214,215,G,Monte Morris,DET,8
215,216,F,Rui Hachimura,LAL,8
0,1,C,Nikola Jokic,DEN,9
1,2,G,Luka Doncic,DAL,9
2,3,C,Joel Embiid,PHI,9
3,4,G,Tyrese Haliburton,IND,9
4,5,F,Giannis Antetokounmpo,MIL,9
5,6,G,Shai Gilgeous-Alexander,OKC,9
6,7,F,Jayson Tatum,BOS,9
7,8,G,Damian Lillard,MIL,9
8,9,F,Anthony Davis,LAL,9
9,10,G,LaMelo Ball,CHA,9
10,11,G,Stephen Curry,GS,9
11,12,C,Domantas Sabonis,SAC,9
12,13,F,Kevin Durant,PHO,9
13,14,G,Devin Booker,PHO,9
14,15,G,Anthony Edwards,MIN,9
15,16,G,Trae Young,ATL,9
16,17,G,Kyrie Irving,DAL,9
17,18,F,LeBron James,LAL,9
18,19,G,Donovan Mitchell,CLE,9
19,20,G,James Harden,PHI,9
20,21,G,De'Aaron Fox,SAC,9
21,22,F,Mikal Bridges,BKN,9
22,23,F,Pascal Siakam,TOR,9
23,24,F,Jimmy Butler,MIA,9
24,25,F,Lauri Markkanen,UTA,9
25,26,F,Zion Williamson,NO,9
26,27,G,Cade Cunningham,DET,9
27,28,F,Kawhi Leonard,LAC,9
28,29,G,Jalen Brunson,NY,9
29,30,F,Paul George,LAC,9
30,31,G,Desmond Bane,MEM,9
31,32,G,Zach LaVine,CHI,9
32,33,C,Jaren Jackson,MEM,9
33,34,F,Jaylen Brown,BOS,9
34,35,C,Karl-Anthony Towns,MIN,9
35,36,C,Bam Adebayo,MIA,9
36,37,G,Fred VanVleet,HOU,9
37,38,F,Julius Randle,NY,9
38,39,C,Evan Mobley,CLE,9
39,40,G,Dejounte Murray,ATL,9
40,41,G,DeMar DeRozan,CHI,9
41,42,C,Nicolas Claxton,BKN,9
42,43,G,Jamal Murray,DEN,9
43,44,F,Kristaps Porzingis,BOS,9
44,45,G,Darius Garland,CLE,9
45,46,C,Deandre Ayton,POR,9
46,47,G,Jordan Poole,WAS,9
47,48,F,Victor Wembanyama,SA,9
48,49,F,Brandon Ingram,NO,9
49,50,F,Paolo Banchero,ORL,9
50,51,G,Bradley Beal,PHO,9
51,52,F,Scottie Barnes,TOR,9
52,53,C,Nikola Vucevic,CHI,9
53,54,G,Tyrese Maxey,PHI,9
54,55,C,Myles Turner,IND,9
55,56,F,Chet Holmgren,OKC,9
56,57,G,Josh Giddey,OKC,9
57,58,G,Jrue Holiday,BOS,9
58,59,C,Alperen Sengun,HOU,9
59,60,G,Ja Morant,MEM,9
60,61,C,Walker Kessler,UTA,9
61,62,G,Scoot Henderson,POR,9
62,63,F,Franz Wagner,ORL,9
63,64,G,Jalen Williams,OKC,9
64,65,F,Kyle Kuzma,WAS,9
65,66,G,Devin Vassell,SA,9
66,67,C,Jarrett Allen,CLE,9
67,68,C,Rudy Gobert,MIN,9
68,69,G,Anfernee Simons,POR,9
69,70,G,Tyler Herro,MIA,9
70,71,F,OG Anunoby,TOR,9
71,72,G,Chris Paul,GS,9
72,73,G,Jalen Green,HOU,9
73,74,C,Jakob Poeltl,TOR,9
74,75,F,Jerami Grant,POR,9
75,76,G,Terry Rozier,CHA,9
76,77,F,Khris Middleton,MIL,9
77,78,G,CJ McCollum,NO,9
78,79,F,Andrew Wiggins,GS,9
79,80,C,Mark Williams,CHA,9
80,81,G,Tyus Jones,WAS,9
81,82,G,Austin Reaves,LAL,9
82,83,G,Russell Westbrook,LAC,9
83,84,G,Spencer Dinwiddie,BKN,9
84,85,F,Daniel Gafford,WAS,9
85,86,C,Wendell Carter,ORL,9
86,87,G,Klay Thompson,GS,9
87,88,C,Brook Lopez,MIL,9
88,89,G,Markelle Fultz,ORL,9
89,90,G,Ben Simmons,BKN,9
90,91,F,Cameron Johnson,BKN,9
91,92,G,Bruce Brown,IND,9
92,93,F,Miles Bridges,CHA,9
93,94,F,Draymond Green,GS,9
94,95,F,Michael Porter,DEN,9
95,96,G,Tre Jones,SA,9
96,97,C,Onyeka Okongwu,ATL,9
97,98,F,John Collins,UTA,9
98,99,F,Jabari Smith,HOU,9
99,100,F,Aaron Gordon,DEN,9
100,101,G,D'Angelo Russell,LAL,9
101,102,C,Jalen Duren,DET,9
102,103,F,Tobias Harris,PHI,9
103,104,C,Clint Capela,ATL,9
104,105,C,Jonas Valanciunas,NO,9
105,106,C,Jusuf Nurkic,PHO,9
106,107,F,Keldon Johnson,SA,9
107,108,G,Josh Hart,NY,9
108,109,F,Zach Collins,SA,9
109,110,F,Keegan Murray,SAC,9
110,111,G,Marcus Smart,MEM,9
111,112,G,Jordan Clarkson,UTA,9
112,113,G,Dennis Schroder,TOR,9
113,114,C,Steven Adams,MEM,9
114,115,G,Immanuel Quickley,NY,9
115,116,F,P.J. Washington,CHA,9
116,117,F,Ausar Thompson,DET,9
117,118,G,Jaden Ivey,DET,9
118,119,G,Shaedon Sharpe,POR,9
119,120,G,Derrick White,BOS,9
120,121,C,Mitchell Robinson,NY,9
121,122,C,Robert Williams,POR,9
122,123,G,Bennedict Mathurin,IND,9
123,124,F,Bobby Portis,MIL,9
124,125,G,Gary Trent,TOR,9
125,126,G,Collin Sexton,UTA,9
126,127,F,Jeremy Sochan,SA,9
127,128,G,Josh Richardson,MIA,9
128,129,F,Amen Thompson,HOU,9
129,130,G,Kevin Huerter,SAC,9
130,131,C,Ivica Zubac,LAC,9
131,132,G,Mike Conley,MIN,9
132,133,F,Paul Reed,PHI,9
133,134,G,RJ Barrett,NY,9
134,135,F,Tari Eason,HOU,9
135,136,F,Herbert Jones,NO,9
136,137,F,Bojan Bogdanovic,DET,9
137,138,F,Deni Avdija,WAS,9
138,139,F,Saddiq Bey,ATL,9
139,140,F,Kevon Looney,GS,9
140,141,G,Buddy Hield,IND,9
141,142,F,Gordon Hayward,CHA,9
142,143,F,Jalen Johnson,ATL,9
143,144,F,Trey Murphy,NO,9
144,145,F,Jonathan Kuminga,GS,9
145,146,G,Coby White,CHI,9
146,147,F,Jarace Walker,IND,9
147,148,F,Jaden McDaniels,MIN,9
148,149,F,Harrison Barnes,SAC,9
149,150,G,Caris LeVert,CLE,9
150,151,G,Quentin Grimes,NY,9
151,152,F,Patrick Williams,CHI,9
152,153,F,Brandon Miller,CHA,9
153,154,G,Cole Anthony,ORL,9
154,155,F,Kelly Oubre Jr.,PHI,9
155,156,F,Christian Wood,LAL,9
156,157,G,Dillon Brooks,HOU,9
157,158,G,Talen Horton-Tucker,UTA,9
158,159,G,Bogdan Bogdanovic,ATL,9
159,160,G,Jalen Suggs,ORL,9
160,161,G,Malcolm Brogdon,POR,9
161,162,G,De'Anthony Melton,PHI,9
162,163,F,Kyle Anderson,MIN,9
163,164,C,Al Horford,BOS,9
164,165,C,Dereck Lively,DAL,9
165,166,G,Jaden Hardy,DAL,9
166,167,C,Isaiah Stewart,DET,9
167,168,G,Keyonte George,UTA,9
168,169,F,Jarred Vanderbilt,LAL,9
169,170,F,Bilal Coulibaly,WAS,9
170,171,C,Naz Reid,MIN,9
171,172,F,Obi Toppin,IND,9
172,173,G,Kyle Lowry,MIA,9
173,174,F,De'Andre Hunter,ATL,9
174,175,G,Malik Monk,SAC,9
175,176,G,Norman Powell,LAC,9
176,177,C,Kelly Olynyk,UTA,9
177,178,F,Max Strus,CLE,9
178,179,G,Kentavious Caldwell-Pope,DEN,9
179,180,G,Luguentz Dort,OKC,9
180,181,C,James Wiseman,DET,9
181,182,F,Nikola Jovic,MIA,9
182,183,F,Grant Williams,DAL,9
183,184,C,Drew Eubanks,PHO,9
184,185,G,Josh Green,DAL,9
185,186,G,Cameron Thomas,BKN,9
186,187,F,Caleb Martin,MIA,9
187,188,F,Rui Hachimura,LAL,9
188,189,C,Andre Drummond,CHI,9
189,190,C,Charles Bassey,SA,9
190,191,G,Luke Kennard,MEM,9
191,192,F,Isaiah Jackson,IND,9
192,193,F,Jonathan Isaac,ORL,9
193,194,F,Santi Aldama,MEM,9
194,195,F,Aleksandar Vezenkov,SAC,9
195,196,G,Shake Milton,MIN,9
196,197,G,Killian Hayes,DET,9
197,198,G,Andrew Nembhard,IND,9
198,199,C,Nick Richards,CHA,9
199,200,G,Malik Beasley,MIL,9
200,201,G,Josh Okogie,PHO,9
201,202,G,Kris Dunn,UTA,9
202,203,G,T.J. McConnell,IND,9
203,204,G,Payton Pritchard,BOS,9
204,205,G,Christian Braun,DEN,9
205,206,G,Tim Hardaway,DAL,9
206,207,F,Robert Covington,LAC,9
207,208,G,Patrick Beverley,PHI,9
208,209,G,Chris Duarte,SAC,9
209,210,G,Dyson Daniels,NO,9
210,211,C,Mason Plumlee,LAC,9
211,212,G,Ayo Dosunmu,CHI,9
212,213,G,Cameron Payne,MIL,9
213,214,G,Delon Wright,WAS,9
214,215,G,Moses Moody,GS,9
215,216,F,Peyton Watson,DEN,9
